Date,Region,Category,Product,Customer_Type,Revenue,Cost,Orders,Customer_ID
2025-01-01,North,Books,Business Book,Regular,1515.65,1131.58,2,C0292
2025-01-01,North,Books,Business Book,Regular,2637.45,2125.13,4,C0810
2025-01-01,West,Sports,Cricket Kit,New,7111.08,5734.28,1,C0023
2025-01-02,North,Electronics,Headphones,Premium,9785.14,6768.42,2,C0158
2025-01-02,Central,Books,Programming Book,Premium,1612.0,1315.65,2,C0210
2025-01-02,South,Home & Living,Cookware,Regular,8395.58,6837.5,2,C0164
2025-01-02,Central,Sports,Football,New,5913.98,4604.17,3,C0195
2025-01-02,West,Electronics,Mobile Phone,Premium,103160.94,83152.73,3,C0542
2025-01-02,North,Fashion,T-Shirt,Premium,1941.9,1470.57,2,C0518
2025-01-02,East,Sports,Football,Regular,1764.46,1342.33,1,C0638
2025-01-02,North,Home & Living,Bedsheet,Premium,2890.04,2020.44,2,C0791
2025-01-03,South,Fashion,Backpack,Regular,1683.75,1350.95,1,C0360
2025-01-03,South,Sports,Yoga Mat,New,2310.42,1776.45,2,C0799
2025-01-03,North,Fashion,Jeans,Regular,6914.64,5212.19,4,C0756
2025-01-03,East,Fashion,Jacket,Regular,8795.43,7258.78,3,C0702
2025-01-03,West,Fashion,Jacket,Regular,9762.21,7270.92,3,C0492
2025-01-03,Central,Home & Living,Bedsheet,Premium,5698.99,4181.41,4,C0619
2025-01-04,North,Fashion,Jacket,New,13237.5,9821.37,4,C0391
2025-01-04,South,Home & Living,Dining Set,New,51976.56,39488.1,2,C0525
2025-01-04,West,Books,Novel,Regular,1487.67,1176.18,3,C0348
2025-01-04,West,Fashion,Jacket,Regular,6369.85,5210.55,2,C0176
2025-01-05,North,Fashion,Jeans,Premium,4929.53,3471.68,3,C0131
2025-01-05,Central,Sports,Yoga Mat,Regular,2416.88,1824.54,2,C0050
2025-01-06,South,Home & Living,Cookware,Regular,7804.63,6585.45,2,C0304
2025-01-06,North,Fashion,Shoes,Regular,2874.22,2402.29,1,C0629
2025-01-06,East,Electronics,Headphones,Premium,8125.86,6267.79,2,C0010
2025-01-06,South,Fashion,Shoes,Regular,5561.09,4235.28,2,C0717
2025-01-06,South,Electronics,Smart Watch,Regular,23823.74,16619.07,3,C0386
2025-01-07,North,Fashion,Jacket,Premium,11406.55,7826.93,4,C0489
2025-01-07,North,Fashion,T-Shirt,Regular,914.65,661.71,1,C0015
2025-01-07,North,Electronics,Smart Watch,Regular,6611.45,5166.51,1,C0852
2025-01-07,North,Sports,Yoga Mat,Premium,5322.39,4191.13,4,C0173
2025-01-08,North,Books,Novel,Premium,1001.55,847.22,2,C0476
2025-01-08,South,Electronics,Smart Watch,Regular,28646.73,22204.48,4,C0092
2025-01-08,East,Electronics,Laptop,Regular,62986.37,52190.7,1,C0496
2025-01-08,East,Books,Self Help,Regular,1609.72,1172.46,3,C0624
2025-01-09,North,Fashion,Jacket,Regular,11779.94,9621.87,4,C0590
2025-01-09,West,Sports,Football,Regular,3308.43,2302.5,2,C0155
2025-01-09,East,Fashion,T-Shirt,Regular,861.48,613.05,1,C0311
2025-01-09,West,Sports,Yoga Mat,Premium,2327.1,1930.71,2,C0642
2025-01-09,North,Books,Novel,Premium,1814.84,1257.09,4,C0234
2025-01-10,North,Electronics,Tablet,Premium,20024.56,15581.02,1,C0800
2025-01-10,North,Fashion,Backpack,Regular,6597.94,5129.4,4,C0820
2025-01-10,East,Fashion,Shoes,Premium,8960.33,7554.42,3,C0212
2025-01-10,Central,Sports,Football,Regular,1921.68,1617.45,1,C0456
2025-01-11,South,Fashion,Jeans,Regular,5608.93,4203.36,3,C0091
2025-01-11,East,Home & Living,Lamp,New,1949.47,1653.26,1,C0459
2025-01-11,North,Books,Business Book,Regular,2593.87,1843.72,4,C0578
2025-01-11,North,Fashion,Jacket,Regular,5989.22,5084.63,2,C0227
2025-01-12,North,Electronics,Tablet,Regular,46678.37,35276.8,2,C0418
2025-01-12,North,Fashion,Backpack,Premium,5659.35,4340.71,4,C0418
2025-01-12,East,Electronics,Headphones,Regular,4965.78,3989.59,1,C0789
2025-01-12,South,Sports,Cricket Kit,Regular,18686.15,12881.44,3,C0827
2025-01-13,West,Books,Self Help,Premium,1473.1,1167.04,3,C0597
2025-01-13,North,Electronics,Smart Watch,Regular,21278.12,17626.08,3,C0510
2025-01-14,North,Fashion,T-Shirt,Regular,3255.19,2513.58,4,C0094
2025-01-14,North,Home & Living,Dining Set,Regular,102579.2,80576.41,4,C0604
2025-01-14,North,Electronics,Laptop,Premium,262205.67,184122.8,4,C0816
2025-01-14,East,Electronics,Mobile Phone,Regular,143703.02,103305.38,4,C0172
2025-01-14,West,Fashion,Backpack,Premium,5762.65,4513.39,4,C0799
2025-01-14,Central,Fashion,Jeans,New,1983.3,1515.98,1,C0888
2025-01-15,Central,Electronics,Headphones,Premium,9800.85,6697.18,2,C0295
2025-01-15,West,Home & Living,Lamp,Regular,5447.02,4470.54,3,C0613
2025-01-15,West,Fashion,Jeans,Regular,8033.18,5532.52,4,C0282
2025-01-16,South,Home & Living,Cookware,New,7763.42,6534.42,2,C0700
2025-01-16,South,Books,Programming Book,Regular,2665.64,1838.89,3,C0445
2025-01-16,North,Fashion,Jeans,Regular,4765.18,3431.57,3,C0499
2025-01-16,North,Sports,Dumbbells,New,4871.58,3735.75,2,C0800
2025-01-16,North,Fashion,Jacket,Regular,13392.69,11378.3,4,C0230
2025-01-16,South,Electronics,Laptop,Regular,190299.14,148347.63,3,C0843
2025-01-16,Central,Fashion,Backpack,Regular,5809.08,4760.27,4,C0404
2025-01-17,Central,Sports,Football,Regular,5205.76,3830.83,3,C0605
2025-01-17,North,Home & Living,Cookware,Regular,8531.84,6817.98,2,C0067
2025-01-17,Central,Fashion,Jeans,Regular,5865.25,4017.95,3,C0824
2025-01-17,North,Fashion,Backpack,Regular,3540.24,2427.87,2,C0471
2025-01-18,West,Home & Living,Sofa,Premium,28059.91,23583.21,1,C0165
2025-01-18,North,Electronics,Headphones,Premium,4833.98,3420.09,1,C0659
2025-01-18,South,Home & Living,Cookware,Regular,3802.48,2998.86,1,C0770
2025-01-18,West,Books,Self Help,Premium,2447.46,1683.99,4,C0739
2025-01-18,Central,Home & Living,Bedsheet,Regular,3699.05,2562.29,3,C0224
2025-01-18,South,Sports,Football,Regular,3225.45,2197.62,2,C0258
2025-01-19,West,Sports,Cricket Kit,Regular,6501.03,4445.02,1,C0384
2025-01-19,North,Fashion,Backpack,Premium,4504.33,3121.38,3,C0253
2025-01-19,South,Fashion,Shoes,Regular,12302.51,8408.22,4,C0136
2025-01-19,South,Electronics,Headphones,Regular,5015.11,3445.72,1,C0347
2025-01-19,Central,Home & Living,Sofa,Regular,30876.05,25074.19,1,C0456
2025-01-20,South,Home & Living,Cookware,Regular,4559.75,3147.47,1,C0690
2025-01-20,East,Fashion,Backpack,Regular,4888.76,3671.1,3,C0262
2025-01-20,West,Fashion,Jacket,New,3142.21,2388.3,1,C0713
2025-01-21,North,Home & Living,Bedsheet,Regular,3742.79,3093.85,3,C0587
2025-01-21,Central,Sports,Yoga Mat,Premium,2584.18,2060.11,2,C0235
2025-01-21,South,Electronics,Headphones,Regular,8776.19,6878.32,2,C0763
2025-01-21,West,Electronics,Tablet,Regular,38764.63,29932.76,2,C0175
2025-01-21,West,Fashion,Jeans,Premium,4814.33,3842.86,3,C0546
2025-01-22,North,Sports,Running Shoes,Regular,3039.78,2229.86,1,C0843
2025-01-22,South,Fashion,T-Shirt,Premium,826.11,683.92,1,C0355
2025-01-23,Central,Fashion,T-Shirt,Regular,1811.98,1240.52,2,C0403
2025-01-23,East,Electronics,Smart Watch,Premium,14913.96,11133.93,2,C0379
2025-01-23,Central,Fashion,Backpack,Regular,2987.45,2087.71,2,C0697
2025-01-23,Central,Home & Living,Bedsheet,Regular,2470.24,2034.82,2,C0193
2025-01-24,East,Books,Novel,Premium,404.81,290.28,1,C0075
2025-01-24,East,Electronics,Mobile Phone,New,66750.11,54377.63,2,C0199
2025-01-24,East,Sports,Running Shoes,Regular,11357.71,8834.32,4,C0360
2025-01-25,North,Sports,Dumbbells,New,9608.6,6810.1,4,C0407
2025-01-25,North,Electronics,Tablet,Regular,23845.64,16645.8,1,C0536
2025-01-25,North,Fashion,Backpack,Regular,6493.27,5250.13,4,C0587
2025-01-25,North,Fashion,Jacket,Regular,10242.33,7895.56,3,C0045
2025-01-25,South,Sports,Yoga Mat,Regular,2541.72,2097.5,2,C0881
2025-01-26,Central,Fashion,Shoes,Premium,5133.85,3969.18,2,C0396
2025-01-27,Central,Electronics,Mobile Phone,Regular,35729.07,25257.95,1,C0111
2025-01-27,South,Fashion,Jacket,Premium,10549.35,7561.62,3,C0634
2025-01-28,West,Books,Self Help,Regular,1493.88,1095.12,3,C0557
2025-01-28,North,Home & Living,Bedsheet,Regular,4102.75,2850.61,3,C0676
2025-01-28,South,Fashion,Jeans,Premium,3764.42,3101.88,2,C0466
2025-01-28,South,Home & Living,Bedsheet,Regular,1546.24,1290.96,1,C0524
2025-01-29,East,Electronics,Tablet,Premium,48324.54,35340.88,2,C0850
2025-01-29,South,Books,Self Help,New,515.04,428.78,1,C0286
2025-01-29,North,Fashion,Backpack,Regular,3277.95,2418.88,2,C0529
2025-01-29,East,Electronics,Headphones,Regular,13988.06,11399.77,3,C0318
2025-01-29,North,Books,Novel,Regular,1430.59,980.57,3,C0488
2025-01-30,North,Fashion,Jeans,Regular,1924.31,1448.34,1,C0008
2025-01-30,North,Sports,Cricket Kit,Premium,21021.72,16385.16,3,C0731
2025-01-31,South,Books,Exam Guide,Premium,2379.39,1899.23,4,C0175
2025-01-31,Central,Home & Living,Lamp,Regular,7640.17,5484.66,4,C0644
2025-01-31,South,Fashion,Shoes,Premium,8068.57,5612.35,3,C0854
2025-01-31,South,Sports,Dumbbells,Regular,5040.9,3818.44,2,C0195
2025-01-31,South,Books,Self Help,New,492.65,363.99,1,C0018
2025-01-31,North,Electronics,Laptop,Premium,174685.12,133370.59,3,C0041
2025-01-31,South,Electronics,Mobile Phone,Regular,64506.66,53965.0,2,C0738
2025-01-31,South,Electronics,Laptop,Regular,72022.24,52711.2,1,C0251
2025-02-01,West,Home & Living,Lamp,Regular,1594.21,1207.71,1,C0868
2025-02-01,West,Sports,Football,New,5495.01,4474.13,3,C0225
2025-02-01,South,Books,Exam Guide,Regular,1435.22,1000.78,2,C0621
2025-02-01,South,Fashion,Jacket,Regular,13196.82,9227.94,4,C0691
2025-02-02,North,Home & Living,Bedsheet,Regular,5452.4,3855.62,4,C0567
2025-02-02,West,Home & Living,Cookware,Regular,15500.37,12189.01,4,C0516
2025-02-02,South,Fashion,Jacket,Premium,2879.07,2259.53,1,C0285
2025-02-02,East,Home & Living,Cookware,Regular,4086.96,3318.73,1,C0751
2025-02-02,West,Electronics,Mobile Phone,New,61905.36,50828.79,2,C0301
2025-02-02,South,Electronics,Tablet,Regular,59392.28,46037.09,3,C0735
2025-02-03,South,Sports,Yoga Mat,Premium,2193.42,1729.73,2,C0086
2025-02-03,West,Sports,Yoga Mat,Premium,2515.61,1929.96,2,C0270
2025-02-03,South,Home & Living,Cookware,Premium,3786.92,3092.21,1,C0888
2025-02-03,South,Sports,Yoga Mat,Regular,1122.28,790.96,1,C0659
2025-02-03,North,Electronics,Headphones,Premium,4621.63,3455.25,1,C0800
2025-02-04,North,Electronics,Headphones,Regular,4742.34,3578.57,1,C0330
2025-02-04,West,Electronics,Smart Watch,Premium,27251.12,20265.68,4,C0128
2025-02-04,Central,Books,Novel,Regular,491.09,365.38,1,C0188
2025-02-04,South,Sports,Running Shoes,Regular,2879.29,2406.53,1,C0323
2025-02-04,East,Electronics,Tablet,Regular,61440.73,49038.24,3,C0143
2025-02-04,East,Electronics,Laptop,Regular,144248.4,110035.58,2,C0211
2025-02-04,South,Home & Living,Sofa,Regular,83284.58,59984.46,3,C0655
2025-02-04,West,Fashion,T-Shirt,Regular,4029.88,2753.21,4,C0868
2025-02-04,East,Home & Living,Lamp,Regular,1741.61,1268.99,1,C0559
2025-02-05,West,Sports,Dumbbells,Regular,7305.47,5119.69,3,C0016
2025-02-05,South,Sports,Yoga Mat,Regular,4279.04,3057.12,4,C0271
2025-02-06,West,Fashion,Backpack,Regular,6319.98,5007.61,4,C0542
2025-02-06,South,Home & Living,Lamp,Regular,7749.09,5471.44,4,C0201
2025-02-07,West,Home & Living,Dining Set,Regular,22055.95,15750.82,1,C0813
2025-02-07,North,Home & Living,Cookware,Regular,14096.65,10048.23,3,C0098
2025-02-07,South,Books,Exam Guide,Premium,1197.68,874.15,2,C0880
2025-02-07,South,Books,Exam Guide,Regular,1243.18,993.31,2,C0606
2025-02-07,Central,Fashion,Jacket,Regular,9022.47,6934.79,3,C0324
2025-02-07,South,Fashion,T-Shirt,Regular,1986.04,1470.41,2,C0852
2025-02-08,East,Electronics,Tablet,Premium,39469.79,28786.18,2,C0205
2025-02-08,Central,Fashion,Jeans,Regular,5309.13,4015.42,3,C0542
2025-02-08,North,Electronics,Tablet,Premium,71796.87,57387.48,3,C0785
2025-02-08,East,Electronics,Mobile Phone,Premium,139705.69,106758.13,4,C0522
2025-02-08,North,Sports,Dumbbells,Regular,4412.09,3014.17,2,C0135
2025-02-08,East,Electronics,Headphones,Regular,19906.12,16766.96,4,C0678
2025-02-09,North,Sports,Football,Regular,3997.46,3158.77,2,C0300
2025-02-09,South,Home & Living,Sofa,Regular,92210.1,65808.67,3,C0813
2025-02-09,East,Electronics,Smart Watch,Premium,16533.11,11318.67,2,C0276
2025-02-09,West,Books,Exam Guide,Regular,1432.82,1025.46,2,C0698
2025-02-09,North,Home & Living,Lamp,Premium,1748.82,1312.98,1,C0687
2025-02-10,North,Books,Novel,Regular,1799.58,1519.87,4,C0646
2025-02-10,South,Home & Living,Dining Set,Regular,79422.57,62983.89,3,C0650
2025-02-10,West,Fashion,Jeans,Regular,5990.25,4210.32,3,C0261
2025-02-10,North,Electronics,Mobile Phone,Premium,70471.02,50132.5,2,C0055
2025-02-10,North,Fashion,Jeans,Premium,1767.32,1304.97,1,C0163
2025-02-11,East,Electronics,Tablet,Regular,69918.29,55543.56,3,C0559
2025-02-11,North,Home & Living,Dining Set,Regular,43091.47,32104.23,2,C0043
2025-02-11,North,Fashion,T-Shirt,Regular,2714.09,1907.24,3,C0507
2025-02-11,East,Sports,Cricket Kit,Regular,5880.94,4171.28,1,C0578
2025-02-11,North,Fashion,Jeans,Regular,5773.32,4750.25,3,C0457
2025-02-11,West,Home & Living,Bedsheet,Regular,3087.55,2505.22,2,C0844
2025-02-12,North,Electronics,Smart Watch,New,30531.0,24945.63,4,C0192
2025-02-12,North,Electronics,Tablet,Premium,65861.08,52670.42,3,C0363
2025-02-12,East,Electronics,Smart Watch,Premium,7586.86,5880.88,1,C0161
2025-02-12,East,Sports,Cricket Kit,Regular,14198.87,10109.11,2,C0829
2025-02-13,West,Fashion,Shoes,Premium,11690.24,8032.13,4,C0027
2025-02-13,North,Books,Self Help,New,1989.53,1583.62,4,C0291
2025-02-13,East,Electronics,Headphones,Premium,8994.96,7554.94,2,C0183
2025-02-13,West,Fashion,Jacket,Premium,9625.34,7239.16,3,C0613
2025-02-13,West,Sports,Yoga Mat,Premium,2132.82,1793.93,2,C0264
2025-02-13,East,Sports,Yoga Mat,Regular,2568.62,1928.51,2,C0730
2025-02-13,West,Sports,Football,Regular,6891.65,5489.87,4,C0360
2025-02-13,West,Electronics,Tablet,Regular,62261.32,47163.04,3,C0411
2025-02-13,East,Home & Living,Bedsheet,Regular,5928.72,4359.43,4,C0396
2025-02-13,North,Fashion,Shoes,Regular,5551.74,4417.51,2,C0590
2025-02-14,West,Sports,Football,New,4019.08,3158.37,2,C0550
2025-02-14,East,Home & Living,Lamp,Regular,2012.9,1476.62,1,C0847
2025-02-14,North,Electronics,Smart Watch,Premium,16169.05,11069.62,2,C0729
2025-02-14,South,Fashion,T-Shirt,Regular,3361.99,2327.91,4,C0249
2025-02-15,North,Home & Living,Sofa,Premium,106761.71,90700.65,4,C0605
2025-02-15,North,Sports,Dumbbells,Regular,2520.62,1950.08,1,C0308
2025-02-15,North,Electronics,Headphones,Regular,4632.07,3308.39,1,C0122
2025-02-16,East,Home & Living,Sofa,Regular,89896.25,65475.9,3,C0578
2025-02-16,Central,Books,Business Book,New,2667.82,2219.74,4,C0035
2025-02-16,West,Electronics,Laptop,Premium,135402.76,98785.6,2,C0667
2025-02-16,East,Books,Exam Guide,Regular,1820.99,1454.9,3,C0613
2025-02-16,East,Books,Business Book,Premium,2110.86,1756.62,3,C0184
2025-02-17,West,Home & Living,Sofa,Premium,60078.8,44889.67,2,C0563
2025-02-17,East,Sports,Yoga Mat,Regular,2635.78,1981.88,2,C0270
2025-02-17,South,Home & Living,Dining Set,Premium,76734.7,62101.18,3,C0206
2025-02-17,West,Home & Living,Cookware,New,4279.98,2943.29,1,C0891
2025-02-18,East,Home & Living,Sofa,New,61298.49,49952.62,2,C0234
2025-02-18,South,Fashion,Jeans,Regular,3193.02,2536.48,2,C0624
2025-02-18,South,Electronics,Laptop,New,235613.75,183638.57,4,C0334
2025-02-18,North,Fashion,Backpack,Regular,1494.73,1094.11,1,C0231
2025-02-19,South,Electronics,Laptop,Regular,210228.39,178427.38,3,C0860
2025-02-19,South,Sports,Yoga Mat,Regular,3568.83,2740.23,3,C0364
2025-02-19,West,Sports,Yoga Mat,Premium,3988.56,2747.88,3,C0388
2025-02-19,North,Fashion,T-Shirt,Regular,962.76,697.72,1,C0204
2025-02-20,North,Electronics,Laptop,Regular,188343.21,159150.08,3,C0840
2025-02-20,South,Books,Exam Guide,Regular,1241.85,987.72,2,C0287
2025-02-20,South,Electronics,Smart Watch,Regular,32997.56,24392.61,4,C0542
2025-02-20,North,Sports,Football,Regular,6669.75,5261.99,4,C0831
2025-02-21,South,Home & Living,Dining Set,Regular,52782.3,42623.57,2,C0837
2025-02-21,South,Home & Living,Bedsheet,Premium,3809.96,2596.29,3,C0148
2025-02-21,West,Fashion,Jacket,Regular,13503.71,9789.56,4,C0828
2025-02-21,South,Electronics,Laptop,Regular,175142.11,146271.94,3,C0831
2025-02-21,East,Fashion,T-Shirt,New,2558.61,2008.25,3,C0605
2025-02-21,North,Electronics,Mobile Phone,Premium,97930.3,67078.18,3,C0354
2025-02-21,Central,Electronics,Smart Watch,Regular,8356.53,6455.68,1,C0605
2025-02-21,North,Fashion,T-Shirt,Regular,1943.44,1330.34,2,C0476
2025-02-21,East,Home & Living,Cookware,Premium,15489.76,11472.9,4,C0246
2025-02-21,North,Sports,Yoga Mat,Regular,1087.95,761.99,1,C0257
2025-02-22,South,Sports,Yoga Mat,New,1175.92,986.51,1,C0707
2025-02-22,East,Sports,Football,New,6977.5,5699.13,4,C0681
2025-02-22,East,Home & Living,Bedsheet,New,5007.9,4030.3,4,C0694
2025-02-22,Central,Electronics,Smart Watch,Premium,13415.78,9516.12,2,C0587
2025-02-22,East,Electronics,Headphones,Regular,12922.26,10282.43,3,C0664
2025-02-22,East,Books,Novel,Regular,496.25,376.38,1,C0583
2025-02-23,South,Electronics,Tablet,Premium,41702.77,29325.71,2,C0118
2025-02-23,South,Home & Living,Sofa,Regular,50826.21,37897.5,2,C0300
2025-02-23,East,Home & Living,Sofa,Regular,89597.92,75008.09,3,C0677
2025-02-24,West,Sports,Dumbbells,Premium,5047.12,3609.31,2,C0286
2025-02-24,North,Home & Living,Cookware,Premium,16805.62,12959.13,4,C0837
2025-02-24,North,Books,Self Help,Premium,1523.45,1283.49,3,C0620
2025-02-24,North,Books,Novel,Regular,917.37,662.69,2,C0642
2025-02-24,South,Electronics,Smart Watch,Regular,23719.97,17437.03,3,C0322
2025-02-25,West,Sports,Running Shoes,Regular,6506.83,5111.65,2,C0226
2025-02-25,East,Fashion,Jeans,Regular,7474.91,5795.34,4,C0716
2025-02-25,North,Books,Self Help,Regular,1089.85,870.95,2,C0050
2025-02-25,South,Sports,Football,Premium,5622.01,4648.95,3,C0688
2025-02-25,South,Fashion,T-Shirt,Regular,1870.83,1477.79,2,C0152
2025-02-26,East,Home & Living,Dining Set,Regular,93199.24,73921.33,4,C0478
2025-02-26,East,Fashion,Shoes,New,5671.35,4658.94,2,C0640
2025-02-26,Central,Fashion,Shoes,Regular,5740.01,4354.54,2,C0126
2025-02-26,South,Electronics,Mobile Phone,Premium,132940.83,99949.56,4,C0567
2025-02-26,East,Electronics,Mobile Phone,Premium,106724.35,83114.92,3,C0596
2025-02-26,Central,Electronics,Headphones,Premium,9986.58,6946.99,2,C0380
2025-02-26,East,Home & Living,Bedsheet,New,4582.31,3143.95,3,C0635
2025-02-26,South,Fashion,Jacket,Regular,13975.11,10948.7,4,C0842
2025-02-26,West,Fashion,Backpack,Premium,3452.12,2701.51,2,C0027
2025-02-27,Central,Home & Living,Bedsheet,Premium,2480.31,1874.74,2,C0185
2025-02-27,South,Fashion,Jeans,Premium,3538.35,2577.37,2,C0523
2025-02-27,North,Electronics,Headphones,Regular,12358.68,8604.91,3,C0134
2025-02-28,South,Sports,Running Shoes,Regular,3521.69,2420.36,1,C0887
2025-02-28,West,Electronics,Laptop,Premium,184062.85,148182.61,3,C0828
2025-02-28,Central,Electronics,Headphones,Premium,13935.2,11470.03,3,C0486
2025-03-01,West,Home & Living,Sofa,Regular,116846.0,94590.89,4,C0626
2025-03-01,West,Fashion,Backpack,Regular,4636.04,3647.87,3,C0551
2025-03-01,Central,Books,Business Book,Regular,1531.15,1098.16,2,C0081
2025-03-02,North,Books,Self Help,New,507.63,382.38,1,C0866
2025-03-02,Central,Electronics,Smart Watch,Regular,13606.23,11548.7,2,C0730
2025-03-02,North,Electronics,Mobile Phone,Regular,100448.02,72001.12,3,C0576
2025-03-02,South,Books,Programming Book,Regular,978.18,707.15,1,C0337
2025-03-02,South,Fashion,Backpack,Premium,4879.04,3883.79,3,C0769
2025-03-02,South,Electronics,Headphones,Premium,12032.85,9331.62,3,C0556
2025-03-02,South,Fashion,Jacket,Premium,9095.37,6881.56,3,C0586
2025-03-02,Central,Electronics,Headphones,Premium,17743.3,13294.22,4,C0156
2025-03-02,North,Fashion,Jeans,Regular,5360.78,3853.47,3,C0215
2025-03-03,South,Books,Self Help,Regular,1134.62,782.12,2,C0215
2025-03-03,East,Sports,Yoga Mat,New,2543.19,2135.86,2,C0521
2025-03-04,South,Sports,Dumbbells,New,9686.82,7496.53,4,C0505
2025-03-04,East,Fashion,Shoes,Regular,6160.05,4636.58,2,C0621
2025-03-04,South,Sports,Running Shoes,Premium,5949.5,4386.82,2,C0237
2025-03-04,North,Fashion,Backpack,Premium,4609.58,3914.06,3,C0377
2025-03-05,East,Electronics,Headphones,Premium,8352.5,5806.28,2,C0710
2025-03-05,South,Electronics,Smart Watch,Premium,16526.91,11688.13,2,C0647
2025-03-05,East,Electronics,Headphones,Premium,3995.94,3319.45,1,C0619
2025-03-05,Central,Home & Living,Dining Set,Regular,89651.81,73021.47,4,C0861
2025-03-05,West,Electronics,Tablet,Regular,24352.11,17518.42,1,C0595
2025-03-06,South,Fashion,Jacket,New,9223.76,7204.72,3,C0106
2025-03-06,South,Electronics,Smart Watch,Regular,6742.44,4666.31,1,C0820
2025-03-06,West,Home & Living,Bedsheet,Premium,4580.26,3416.01,3,C0429
2025-03-06,South,Electronics,Smart Watch,Regular,31451.97,23193.54,4,C0792
2025-03-06,Central,Books,Self Help,New,1146.2,946.62,2,C0759
2025-03-07,East,Books,Exam Guide,Regular,585.91,474.13,1,C0292
2025-03-07,South,Home & Living,Cookware,New,8133.39,6758.01,2,C0586
2025-03-07,South,Electronics,Headphones,Premium,8551.9,5952.35,2,C0406
2025-03-08,South,Books,Business Book,Regular,1367.82,1102.15,2,C0244
2025-03-08,South,Sports,Dumbbells,Premium,5168.06,3932.67,2,C0676
2025-03-08,South,Books,Exam Guide,New,713.56,529.8,1,C0038
2025-03-08,South,Home & Living,Sofa,New,29401.41,24394.24,1,C0325
2025-03-08,North,Books,Self Help,Premium,1171.79,875.78,2,C0570
2025-03-08,North,Home & Living,Dining Set,New,96294.07,77246.5,4,C0742
2025-03-09,East,Home & Living,Sofa,Regular,119059.2,90736.65,4,C0445
2025-03-10,North,Electronics,Smart Watch,Regular,19841.12,15244.4,3,C0008
2025-03-10,South,Sports,Football,Regular,3428.95,2428.45,2,C0206
2025-03-10,North,Sports,Running Shoes,Regular,3522.28,2743.41,1,C0646
2025-03-10,South,Electronics,Tablet,Premium,66293.85,52496.54,3,C0108
2025-03-11,Central,Electronics,Smart Watch,Regular,8112.82,5742.35,1,C0232
2025-03-11,North,Sports,Cricket Kit,Regular,14169.23,9831.73,2,C0889
2025-03-11,South,Fashion,Backpack,New,2988.0,2170.03,2,C0164
2025-03-12,North,Electronics,Smart Watch,Premium,20532.47,17254.4,3,C0305
2025-03-12,South,Fashion,Backpack,Regular,3478.94,2854.79,2,C0719
2025-03-12,North,Books,Novel,Regular,1725.19,1406.37,4,C0548
2025-03-12,Central,Books,Self Help,Regular,1202.99,1016.19,2,C0085
2025-03-13,East,Fashion,T-Shirt,Regular,844.98,617.15,1,C0064
2025-03-13,North,Sports,Dumbbells,Premium,2289.97,1746.4,1,C0434
2025-03-13,North,Books,Self Help,Regular,1954.56,1623.51,4,C0317
2025-03-13,South,Sports,Football,New,1945.21,1383.51,1,C0604
2025-03-14,Central,Fashion,T-Shirt,Premium,966.68,740.81,1,C0237
2025-03-14,North,Sports,Dumbbells,Regular,5481.76,4044.73,2,C0425
2025-03-14,Central,Sports,Football,Regular,5822.2,4894.21,3,C0785
2025-03-15,East,Books,Self Help,Premium,548.09,419.62,1,C0699
2025-03-15,East,Fashion,Jeans,Regular,1976.89,1622.0,1,C0015
2025-03-15,South,Sports,Football,Regular,5044.1,4196.84,3,C0869
2025-03-15,South,Books,Self Help,Premium,1514.27,1158.43,3,C0032
2025-03-15,West,Home & Living,Dining Set,Premium,51467.83,38662.08,2,C0018
2025-03-15,East,Home & Living,Lamp,New,2001.59,1519.78,1,C0071
2025-03-15,North,Sports,Yoga Mat,Regular,4587.65,3798.69,4,C0238
2025-03-15,South,Electronics,Laptop,Regular,262446.75,212058.72,4,C0613
2025-03-17,West,Electronics,Smart Watch,Regular,7237.49,5927.58,1,C0769
2025-03-18,South,Fashion,T-Shirt,Regular,2907.87,2394.1,3,C0111
2025-03-18,North,Sports,Yoga Mat,Premium,2640.37,1964.74,2,C0458
2025-03-20,East,Home & Living,Sofa,Regular,49286.04,41248.08,2,C0622
2025-03-20,North,Fashion,Jacket,New,9863.34,8120.42,3,C0365
2025-03-20,West,Fashion,Jeans,Regular,3269.25,2620.44,2,C0211
2025-03-21,South,Electronics,Headphones,Regular,20064.51,14500.99,4,C0216
2025-03-21,North,Home & Living,Cookware,New,11970.84,9722.73,3,C0765
2025-03-22,East,Fashion,Jacket,Regular,6171.67,4415.2,2,C0754
2025-03-23,Central,Electronics,Headphones,Regular,11924.8,8205.78,3,C0315
2025-03-23,West,Electronics,Smart Watch,Regular,31286.25,25953.41,4,C0779
2025-03-24,East,Fashion,T-Shirt,Regular,1630.5,1138.3,2,C0759
2025-03-24,South,Electronics,Mobile Phone,Premium,146397.92,108093.15,4,C0819
2025-03-24,East,Sports,Football,Regular,1824.03,1481.57,1,C0862
2025-03-25,North,Fashion,Jacket,Premium,9573.58,7923.92,3,C0032
2025-03-25,South,Sports,Cricket Kit,Regular,6673.1,5433.9,1,C0307
2025-03-25,West,Books,Exam Guide,Regular,631.41,457.02,1,C0106
2025-03-25,North,Fashion,Shoes,Regular,2935.85,2132.35,1,C0790
2025-03-26,North,Sports,Yoga Mat,Regular,2477.19,1972.47,2,C0866
2025-03-26,West,Electronics,Mobile Phone,Premium,124756.34,89580.88,4,C0055
2025-03-26,Central,Electronics,Headphones,Regular,4070.5,2882.53,1,C0702
2025-03-26,South,Electronics,Mobile Phone,Premium,74727.91,60890.92,2,C0444
2025-03-26,West,Electronics,Smart Watch,Regular,7304.86,5504.6,1,C0823
2025-03-26,East,Sports,Dumbbells,Regular,2775.09,2250.22,1,C0723
2025-03-27,North,Home & Living,Sofa,Premium,79553.16,64093.99,3,C0003
2025-03-27,South,Books,Programming Book,Regular,971.17,815.02,1,C0255
2025-03-27,South,Electronics,Headphones,Regular,18721.98,15254.77,4,C0499
2025-03-27,North,Books,Exam Guide,Premium,2343.42,1847.72,4,C0605
2025-03-27,West,Electronics,Laptop,Premium,205449.89,157981.76,3,C0745
2025-03-28,East,Home & Living,Cookware,New,11882.0,10091.9,3,C0727
2025-03-28,South,Sports,Cricket Kit,Regular,18363.68,13172.5,3,C0639
2025-03-28,Central,Sports,Running Shoes,Regular,7087.01,5734.5,2,C0374
2025-03-28,Central,Home & Living,Bedsheet,Regular,4343.58,3200.16,3,C0300
2025-03-28,North,Electronics,Smart Watch,Regular,28597.1,19787.47,4,C0292
2025-03-29,South,Sports,Dumbbells,New,5401.77,4449.46,2,C0418
2025-03-29,North,Home & Living,Dining Set,Regular,22496.01,16494.09,1,C0204
2025-03-29,South,Electronics,Smart Watch,Regular,15260.18,11276.48,2,C0567
2025-03-29,North,Fashion,Shoes,Premium,9375.38,6708.93,3,C0721
2025-03-29,North,Fashion,Jeans,New,5468.49,4483.81,3,C0446
2025-03-29,South,Fashion,T-Shirt,New,1597.78,1348.75,2,C0725
2025-03-29,North,Fashion,T-Shirt,Regular,937.46,684.8,1,C0617
2025-03-29,West,Electronics,Smart Watch,Regular,8343.65,6574.61,1,C0064
2025-03-30,Central,Electronics,Tablet,Regular,46844.73,39415.11,2,C0767
2025-03-30,Central,Fashion,Shoes,Regular,2464.86,1700.45,1,C0583
2025-03-30,South,Sports,Cricket Kit,Regular,26655.25,20753.64,4,C0206
2025-03-30,North,Electronics,Smart Watch,New,25068.78,18495.53,3,C0065
2025-03-30,South,Fashion,Jeans,Regular,1601.6,1105.81,1,C0168
2025-03-31,South,Home & Living,Lamp,New,1958.77,1512.25,1,C0683
2025-03-31,South,Fashion,Backpack,Regular,3421.97,2564.78,2,C0559
2025-03-31,West,Home & Living,Cookware,Premium,8661.28,6378.81,2,C0659
2025-03-31,North,Electronics,Laptop,New,191519.6,144001.03,3,C0829
2025-03-31,East,Fashion,Backpack,Regular,3058.54,2537.54,2,C0317
2025-03-31,West,Fashion,T-Shirt,Premium,838.73,623.95,1,C0180
2025-03-31,Central,Sports,Running Shoes,Regular,9447.16,6879.64,3,C0496
2025-03-31,South,Fashion,Jacket,Premium,12945.7,9481.46,4,C0465
2025-04-01,South,Home & Living,Dining Set,Premium,49219.2,33935.6,2,C0745
2025-04-01,East,Electronics,Headphones,Regular,14886.91,11482.08,3,C0129
2025-04-01,South,Sports,Yoga Mat,Regular,4446.66,3575.62,4,C0749
2025-04-01,South,Fashion,Shoes,Premium,11770.73,9997.23,4,C0189
2025-04-02,North,Fashion,T-Shirt,Premium,3873.54,3043.94,4,C0757
2025-04-02,Central,Home & Living,Bedsheet,Regular,4931.72,3653.04,4,C0143
2025-04-02,East,Books,Exam Guide,Regular,1903.97,1439.03,3,C0528
2025-04-02,South,Home & Living,Bedsheet,New,4176.21,3229.1,3,C0518
2025-04-03,East,Electronics,Tablet,Regular,60626.92,44772.98,3,C0746
2025-04-03,North,Electronics,Mobile Phone,Premium,70684.14,58860.48,2,C0203
2025-04-03,East,Electronics,Smart Watch,Regular,8123.15,6356.26,1,C0121
2025-04-03,West,Fashion,Shoes,New,10734.66,8085.52,4,C0338
2025-04-04,South,Sports,Dumbbells,Premium,7892.58,6299.0,3,C0378
2025-04-04,West,Electronics,Headphones,Premium,10065.6,7186.35,2,C0193
2025-04-04,Central,Sports,Cricket Kit,Regular,20621.28,16325.38,3,C0602
2025-04-05,West,Sports,Running Shoes,Regular,8690.58,6782.53,3,C0357
2025-04-06,North,Electronics,Headphones,Regular,11997.25,9449.22,3,C0512
2025-04-06,East,Books,Exam Guide,Regular,642.0,462.21,1,C0461
2025-04-06,West,Sports,Running Shoes,Regular,9768.14,7390.41,3,C0125
2025-04-06,North,Fashion,Shoes,Regular,4976.66,4095.2,2,C0117
2025-04-07,West,Sports,Cricket Kit,Premium,27223.09,20413.04,4,C0757
2025-04-07,North,Sports,Yoga Mat,Regular,2328.51,1756.05,2,C0865
2025-04-08,East,Fashion,Jeans,Premium,7271.73,4944.8,4,C0752
2025-04-08,South,Electronics,Headphones,Regular,14165.67,12007.88,3,C0153
2025-04-08,North,Books,Novel,Regular,1611.33,1257.01,4,C0256
2025-04-08,Central,Electronics,Mobile Phone,Premium,152890.77,106064.98,4,C0206
2025-04-08,East,Electronics,Tablet,New,69751.31,51470.49,3,C0576
2025-04-09,South,Electronics,Tablet,Premium,45001.14,37766.19,2,C0845
2025-04-09,Central,Electronics,Laptop,Premium,59071.31,41141.61,1,C0746
2025-04-09,North,Books,Programming Book,Regular,1731.98,1362.35,2,C0544
2025-04-09,North,Electronics,Laptop,Premium,196120.17,149576.13,3,C0270
2025-04-09,North,Sports,Football,Regular,5154.92,4006.05,3,C0196
2025-04-09,South,Fashion,T-Shirt,New,2474.65,2060.53,3,C0192
2025-04-10,North,Fashion,Shoes,Regular,3031.53,2146.18,1,C0076
2025-04-11,North,Fashion,Jacket,Premium,2868.96,2010.43,1,C0329
2025-04-11,North,Home & Living,Cookware,Regular,3922.28,3090.11,1,C0370
2025-04-11,West,Fashion,T-Shirt,Regular,2384.67,1853.69,3,C0198
2025-04-11,North,Sports,Yoga Mat,Regular,2380.83,1820.16,2,C0465
2025-04-11,Central,Electronics,Mobile Phone,Premium,100091.45,76468.02,3,C0375
2025-04-12,South,Fashion,Jacket,New,2918.33,2434.58,1,C0889
2025-04-12,East,Fashion,Backpack,Premium,6164.52,4784.03,4,C0739
2025-04-12,West,Fashion,Jeans,Regular,6972.83,5468.37,4,C0500
2025-04-12,East,Sports,Cricket Kit,New,17791.22,13102.4,3,C0443
2025-04-12,South,Fashion,Jeans,Regular,4977.74,3823.16,3,C0306
2025-04-13,North,Home & Living,Lamp,Premium,1800.5,1482.17,1,C0060
2025-04-13,South,Books,Programming Book,Regular,2697.52,2218.22,3,C0582
2025-04-13,Central,Electronics,Tablet,New,87461.98,63960.04,4,C0352
2025-04-13,South,Sports,Dumbbells,Premium,2376.16,1856.36,1,C0225
2025-04-13,North,Fashion,Shoes,Premium,2641.42,1920.69,1,C0300
2025-04-14,North,Electronics,Mobile Phone,Premium,32321.0,22636.78,1,C0713
2025-04-14,Central,Books,Novel,Regular,1848.75,1495.72,4,C0264
2025-04-14,Central,Sports,Football,Regular,3694.7,2913.38,2,C0494
2025-04-14,North,Sports,Running Shoes,Premium,6182.65,5084.59,2,C0774
2025-04-14,South,Home & Living,Bedsheet,Premium,3932.29,3100.84,3,C0260
2025-04-14,South,Electronics,Tablet,Regular,23041.17,19239.64,1,C0183
2025-04-14,West,Fashion,T-Shirt,Premium,3648.94,2691.09,4,C0490
2025-04-15,Central,Fashion,Jeans,Premium,1941.96,1419.49,1,C0444
2025-04-16,South,Sports,Running Shoes,Regular,6305.06,4526.6,2,C0091
2025-04-16,South,Books,Business Book,Premium,1285.73,1038.81,2,C0457
2025-04-16,Central,Electronics,Headphones,Regular,14656.15,10125.82,3,C0279
2025-04-16,South,Electronics,Smart Watch,New,24928.62,16964.52,3,C0643
2025-04-16,South,Electronics,Tablet,Regular,73498.39,53212.63,3,C0800
2025-04-16,West,Books,Business Book,Regular,1475.3,1211.28,2,C0872
2025-04-16,East,Electronics,Mobile Phone,Regular,36263.84,27172.22,1,C0870
2025-04-16,Central,Home & Living,Dining Set,Regular,43619.53,29780.71,2,C0075
2025-04-17,West,Sports,Dumbbells,Regular,8299.16,6513.15,3,C0508
2025-04-17,East,Books,Exam Guide,Regular,1222.84,975.32,2,C0846
2025-04-17,West,Fashion,Jacket,Regular,6896.59,5163.88,2,C0174
2025-04-18,East,Fashion,Shoes,Premium,2789.74,2210.45,1,C0274
2025-04-18,North,Books,Exam Guide,New,2893.12,2176.15,4,C0432
2025-04-18,Central,Home & Living,Dining Set,Regular,67096.6,55009.37,3,C0860
2025-04-18,East,Fashion,Shoes,Premium,11980.08,9526.62,4,C0439
2025-04-19,East,Sports,Yoga Mat,Regular,1206.56,833.28,1,C0758
2025-04-19,West,Electronics,Headphones,Premium,9392.69,7032.18,2,C0010
2025-04-19,West,Sports,Dumbbells,Regular,5217.61,3593.28,2,C0373
2025-04-19,East,Electronics,Tablet,Regular,70029.58,50968.28,3,C0016
2025-04-19,East,Fashion,Shoes,Regular,5981.96,4346.16,2,C0871
2025-04-20,West,Sports,Dumbbells,Regular,4700.84,3437.5,2,C0186
2025-04-20,East,Books,Exam Guide,Premium,1891.0,1297.23,3,C0791
2025-04-20,Central,Sports,Running Shoes,Premium,3150.89,2377.1,1,C0229
2025-04-20,South,Fashion,T-Shirt,Regular,3594.5,2496.21,4,C0434
2025-04-20,North,Fashion,Shoes,Regular,5570.66,4698.68,2,C0841
2025-04-20,Central,Fashion,Backpack,Regular,6279.04,5018.06,4,C0490
2025-04-20,East,Electronics,Smart Watch,New,8056.31,6285.66,1,C0386
2025-04-20,North,Sports,Cricket Kit,Regular,6534.48,5222.91,1,C0369
2025-04-21,Central,Home & Living,Dining Set,Premium,105359.17,73470.06,4,C0569
2025-04-21,North,Books,Novel,Regular,1671.06,1146.42,4,C0083
2025-04-21,North,Fashion,T-Shirt,Premium,821.02,596.12,1,C0809
2025-04-21,North,Home & Living,Cookware,Regular,13986.5,9744.48,3,C0179
2025-04-21,West,Fashion,Jeans,Regular,7004.0,5686.41,4,C0804
2025-04-21,North,Books,Exam Guide,Regular,1204.92,840.29,2,C0091
2025-04-22,North,Electronics,Smart Watch,Regular,24615.41,18744.75,3,C0503
2025-04-22,Central,Fashion,Backpack,Regular,6677.0,5079.01,4,C0841
2025-04-22,North,Electronics,Mobile Phone,Premium,38768.08,29495.7,1,C0825
2025-04-22,South,Fashion,Shoes,Premium,2816.13,2304.32,1,C0146
2025-04-22,East,Sports,Cricket Kit,Regular,13309.38,9610.72,2,C0616
2025-04-23,Central,Sports,Yoga Mat,Regular,5328.72,4179.88,4,C0501
2025-04-23,South,Sports,Football,New,3479.46,2825.19,2,C0405
2025-04-24,North,Home & Living,Cookware,Regular,12357.54,9681.91,3,C0749
2025-04-24,North,Sports,Football,Regular,7200.56,5425.93,4,C0322
2025-04-24,Central,Home & Living,Dining Set,Regular,24173.6,18931.8,1,C0886
2025-04-24,West,Sports,Running Shoes,Regular,6398.51,4786.08,2,C0801
2025-04-25,North,Electronics,Headphones,Premium,9455.26,7059.91,2,C0381
2025-04-25,North,Sports,Dumbbells,Premium,10236.43,8497.85,4,C0552
2025-04-25,East,Electronics,Headphones,Regular,4468.51,3749.79,1,C0473
2025-04-25,North,Electronics,Headphones,Premium,12059.76,9006.07,3,C0605
2025-04-25,West,Sports,Running Shoes,Premium,13409.98,10454.97,4,C0523
2025-04-25,South,Sports,Dumbbells,Premium,2515.05,2015.1,1,C0650
2025-04-25,Central,Electronics,Mobile Phone,Regular,77835.75,62473.64,2,C0215
2025-04-26,South,Sports,Running Shoes,Premium,3360.89,2443.57,1,C0272
2025-04-26,West,Electronics,Tablet,Regular,92796.85,75213.53,4,C0354
2025-04-26,East,Sports,Football,Premium,1637.83,1215.66,1,C0419
2025-04-26,Central,Electronics,Smart Watch,Regular,32240.46,23997.92,4,C0144
2025-04-26,South,Home & Living,Lamp,Regular,5562.33,3950.09,3,C0290
2025-04-26,East,Books,Programming Book,Premium,873.12,680.82,1,C0414
2025-04-26,West,Electronics,Mobile Phone,New,100167.24,81206.66,3,C0590
2025-04-26,North,Home & Living,Dining Set,Premium,99501.17,68064.78,4,C0769
2025-04-27,South,Electronics,Headphones,Regular,8934.78,6293.44,2,C0494
2025-04-27,South,Books,Novel,Premium,949.01,669.73,2,C0433
2025-04-27,West,Electronics,Laptop,Regular,256689.33,195816.68,4,C0381
2025-04-27,South,Sports,Cricket Kit,Premium,12561.56,9530.41,2,C0863
2025-04-27,North,Electronics,Smart Watch,Regular,15992.96,13105.67,2,C0448
2025-04-27,North,Home & Living,Bedsheet,Premium,2622.52,1787.67,2,C0721
2025-04-27,West,Fashion,Jacket,Regular,6832.3,5682.23,2,C0850
2025-04-28,West,Home & Living,Sofa,Regular,59243.81,43963.48,2,C0004
2025-04-28,North,Electronics,Headphones,Regular,8975.6,6121.88,2,C0085
2025-04-28,Central,Electronics,Laptop,Regular,260342.09,213791.65,4,C0754
2025-04-28,Central,Home & Living,Dining Set,Regular,23942.29,17171.99,1,C0304
2025-04-28,South,Home & Living,Lamp,Regular,5463.64,4324.89,3,C0131
2025-04-28,East,Home & Living,Cookware,Premium,4310.07,3620.21,1,C0401
2025-04-29,North,Electronics,Headphones,Regular,14997.32,12466.21,3,C0494
2025-04-29,Central,Sports,Yoga Mat,Regular,1192.22,1002.32,1,C0253
2025-04-29,East,Electronics,Tablet,Regular,84794.36,65762.63,4,C0335
2025-04-30,South,Electronics,Mobile Phone,Regular,141474.72,103703.04,4,C0546
2025-04-30,East,Books,Exam Guide,Regular,1232.17,989.39,2,C0031
2025-04-30,East,Electronics,Smart Watch,Regular,27884.31,20449.85,4,C0264
2025-05-01,North,Fashion,Jacket,Regular,14333.09,10439.3,4,C0809
2025-05-01,West,Fashion,Backpack,Regular,4579.6,3244.93,3,C0691
2025-05-01,North,Sports,Football,Regular,3847.71,2876.0,2,C0859
2025-05-01,South,Electronics,Headphones,Regular,19640.14,15383.91,4,C0472
2025-05-02,East,Fashion,Jacket,Regular,8830.86,6408.5,3,C0780
2025-05-02,South,Electronics,Headphones,Premium,14707.02,11257.65,3,C0525
2025-05-02,South,Home & Living,Lamp,New,3468.37,2927.29,2,C0111
2025-05-02,West,Electronics,Laptop,Premium,243515.56,197514.52,4,C0715
2025-05-02,South,Sports,Running Shoes,Premium,9634.95,7115.94,3,C0832
2025-05-02,North,Books,Programming Book,Regular,840.09,698.63,1,C0524
2025-05-02,Central,Home & Living,Dining Set,Regular,21273.04,15482.6,1,C0013
2025-05-03,East,Sports,Football,Regular,1978.38,1374.28,1,C0724
2025-05-03,South,Electronics,Tablet,Premium,60791.56,44954.01,3,C0228
2025-05-04,North,Electronics,Smart Watch,New,6848.6,4901.22,1,C0730
2025-05-04,Central,Books,Novel,Regular,501.08,340.75,1,C0535
2025-05-04,North,Fashion,Backpack,Regular,1450.52,1090.79,1,C0891
2025-05-04,South,Home & Living,Dining Set,Premium,89763.98,67654.3,4,C0492
2025-05-05,East,Home & Living,Sofa,Regular,80684.43,66377.79,3,C0516
2025-05-05,North,Sports,Football,Regular,3499.04,2816.72,2,C0198
2025-05-06,North,Electronics,Smart Watch,Regular,14955.67,10989.36,2,C0018
2025-05-06,West,Electronics,Laptop,Premium,60894.06,44840.05,1,C0697
2025-05-06,North,Books,Business Book,Regular,2677.63,1846.42,4,C0891
2025-05-06,East,Electronics,Mobile Phone,Regular,37823.4,29642.75,1,C0717
2025-05-07,Central,Electronics,Tablet,Premium,86674.96,71726.63,4,C0615
2025-05-07,West,Books,Exam Guide,Premium,1815.54,1378.27,3,C0785
2025-05-07,West,Fashion,T-Shirt,Premium,3974.59,2800.65,4,C0545
2025-05-07,West,Sports,Dumbbells,Regular,10027.69,8144.47,4,C0798
2025-05-07,West,Electronics,Headphones,New,4977.24,3567.27,1,C0360
2025-05-07,East,Electronics,Headphones,Regular,4603.87,3772.26,1,C0640
2025-05-08,East,Sports,Dumbbells,Regular,4757.23,3615.98,2,C0660
2025-05-09,South,Electronics,Tablet,Regular,42680.93,29987.35,2,C0883
2025-05-09,South,Fashion,Shoes,Premium,5859.84,4443.43,2,C0685
2025-05-10,South,Home & Living,Sofa,Regular,85997.42,61108.83,3,C0168
2025-05-11,South,Books,Novel,Regular,951.92,777.39,2,C0543
2025-05-12,West,Home & Living,Dining Set,New,74647.72,61410.39,3,C0533
2025-05-12,South,Electronics,Tablet,Regular,38926.48,26678.45,2,C0355
2025-05-12,South,Electronics,Tablet,New,62622.02,50963.17,3,C0021
2025-05-13,North,Electronics,Headphones,Regular,8709.33,6309.79,2,C0307
2025-05-13,South,Home & Living,Lamp,Regular,3405.63,2749.52,2,C0378
2025-05-13,West,Home & Living,Lamp,Premium,3284.98,2315.65,2,C0415
2025-05-13,North,Sports,Dumbbells,Regular,4777.03,3653.18,2,C0605
2025-05-14,West,Electronics,Laptop,Regular,211531.03,160142.46,3,C0735
2025-05-14,Central,Home & Living,Lamp,Premium,1885.62,1558.41,1,C0163
2025-05-14,North,Fashion,Jacket,Regular,10460.91,7936.17,3,C0162
2025-05-14,South,Fashion,T-Shirt,Premium,2916.34,2386.81,3,C0549
2025-05-14,North,Electronics,Tablet,New,93163.49,65337.59,4,C0672
2025-05-14,East,Home & Living,Lamp,Regular,5105.51,4244.63,3,C0538
2025-05-15,West,Fashion,Backpack,New,4828.53,3736.41,3,C0230
2025-05-15,Central,Sports,Dumbbells,Regular,10048.43,7138.38,4,C0763
2025-05-15,North,Sports,Dumbbells,Premium,7393.09,6099.9,3,C0157
2025-05-16,East,Electronics,Mobile Phone,Regular,34160.46,27885.73,1,C0453
2025-05-16,Central,Sports,Dumbbells,Regular,8810.68,6135.17,4,C0385
2025-05-16,West,Home & Living,Lamp,Regular,7037.94,5229.79,4,C0441
2025-05-16,Central,Fashion,Jacket,Regular,13228.37,10424.31,4,C0583
2025-05-16,Central,Home & Living,Dining Set,Regular,51337.93,38393.28,2,C0462
2025-05-16,East,Fashion,Jeans,Regular,5703.51,4763.5,3,C0385
2025-05-17,Central,Electronics,Mobile Phone,Regular,38864.85,29710.9,1,C0474
2025-05-17,North,Sports,Cricket Kit,Premium,24236.05,18838.85,4,C0779
2025-05-17,North,Electronics,Laptop,Regular,287084.17,203501.67,4,C0237
2025-05-17,West,Electronics,Laptop,Regular,59698.77,47097.71,1,C0543
2025-05-18,Central,Home & Living,Cookware,New,18249.49,12575.46,4,C0217
2025-05-18,South,Home & Living,Bedsheet,New,4333.37,3651.81,3,C0883
2025-05-19,North,Electronics,Tablet,Regular,46887.09,39709.5,2,C0856
2025-05-19,North,Electronics,Tablet,Regular,65279.55,47795.07,3,C0453
2025-05-20,East,Electronics,Laptop,Regular,134861.35,96895.12,2,C0033
2025-05-20,South,Electronics,Tablet,Regular,67208.34,53347.58,3,C0050
2025-05-20,South,Electronics,Tablet,Regular,45473.99,36671.15,2,C0664
2025-05-20,North,Electronics,Laptop,Regular,72437.48,59989.01,1,C0392
2025-05-21,West,Home & Living,Dining Set,Regular,85094.52,60006.2,4,C0706
2025-05-21,Central,Sports,Football,Regular,1999.55,1614.4,1,C0875
2025-05-21,West,Home & Living,Lamp,Premium,1776.82,1239.79,1,C0810
2025-05-21,East,Electronics,Mobile Phone,Premium,66496.74,48735.57,2,C0870
2025-05-22,East,Home & Living,Lamp,Regular,4809.82,3394.62,3,C0846
2025-05-22,West,Sports,Yoga Mat,Regular,3533.93,2424.37,3,C0647
2025-05-22,North,Books,Business Book,Regular,1971.34,1627.23,3,C0757
2025-05-23,South,Electronics,Smart Watch,Regular,8366.47,5916.65,1,C0363
2025-05-23,West,Fashion,T-Shirt,Regular,1004.64,818.76,1,C0297
2025-05-24,North,Home & Living,Sofa,Premium,61343.05,45366.85,2,C0282
2025-05-24,East,Fashion,T-Shirt,Regular,820.58,582.13,1,C0265
2025-05-24,North,Books,Programming Book,Premium,2680.0,1971.71,3,C0428
2025-05-24,North,Home & Living,Bedsheet,Premium,4600.84,3903.99,3,C0858
2025-05-24,West,Sports,Running Shoes,Premium,3205.38,2578.96,1,C0513
2025-05-25,North,Fashion,T-Shirt,Regular,1718.94,1430.22,2,C0073
2025-05-26,North,Electronics,Smart Watch,Regular,16659.67,13104.5,2,C0694
2025-05-26,West,Fashion,Backpack,Regular,6584.9,4749.81,4,C0125
2025-05-27,East,Electronics,Headphones,Regular,9478.09,8013.05,2,C0608
2025-05-27,North,Electronics,Tablet,Regular,93724.22,67275.47,4,C0120
2025-05-27,North,Home & Living,Cookware,Regular,13354.69,9373.26,3,C0178
2025-05-28,Central,Electronics,Laptop,Regular,64661.86,50797.19,1,C0031
2025-05-28,North,Sports,Dumbbells,Premium,7290.75,5875.76,3,C0406
2025-05-29,West,Fashion,Jeans,Regular,4812.0,3879.91,3,C0345
2025-05-29,North,Home & Living,Dining Set,Regular,48661.09,34550.67,2,C0047
2025-05-29,Central,Electronics,Laptop,New,268928.86,214964.02,4,C0457
2025-05-29,East,Electronics,Headphones,New,16164.86,13213.14,4,C0622
2025-05-30,South,Books,Novel,Regular,805.23,575.94,2,C0645
2025-05-30,North,Fashion,Jacket,New,2844.95,2150.75,1,C0095
2025-05-30,North,Books,Exam Guide,Premium,1727.59,1446.23,3,C0128
2025-05-30,North,Electronics,Smart Watch,Premium,13443.19,10141.37,2,C0559
2025-05-30,South,Electronics,Smart Watch,New,23931.1,20119.95,3,C0512
2025-05-30,North,Sports,Cricket Kit,Regular,6821.9,4758.22,1,C0234
2025-05-31,Central,Sports,Dumbbells,Regular,2346.81,1857.24,1,C0696
2025-05-31,South,Electronics,Laptop,Premium,63320.01,47534.1,1,C0729
2025-05-31,North,Electronics,Smart Watch,Regular,19925.71,16628.82,3,C0639
2025-05-31,North,Electronics,Tablet,New,46694.53,37626.78,2,C0221
2025-06-01,South,Fashion,Shoes,Regular,3042.34,2096.56,1,C0360
2025-06-01,North,Sports,Running Shoes,Regular,3040.05,2238.26,1,C0036
2025-06-01,West,Sports,Cricket Kit,Premium,6357.54,5004.64,1,C0429
2025-06-01,North,Books,Novel,Premium,417.55,337.44,1,C0315
2025-06-01,North,Electronics,Headphones,Regular,4159.35,2832.18,1,C0758
2025-06-01,North,Electronics,Laptop,Premium,139890.76,112909.37,2,C0105
2025-06-01,Central,Home & Living,Sofa,New,50411.36,42055.84,2,C0474
2025-06-02,North,Books,Programming Book,Regular,1605.19,1250.53,2,C0166
2025-06-02,South,Sports,Running Shoes,Premium,8942.37,7080.07,3,C0687
2025-06-02,North,Books,Programming Book,Premium,2790.1,2107.25,3,C0263
2025-06-02,Central,Home & Living,Dining Set,Regular,92973.81,76116.24,4,C0356
2025-06-02,North,Home & Living,Cookware,New,8616.07,6431.95,2,C0359
2025-06-02,West,Home & Living,Sofa,New,118486.6,92912.2,4,C0194
2025-06-02,East,Books,Programming Book,Premium,3319.45,2299.15,4,C0148
2025-06-02,West,Electronics,Mobile Phone,New,148211.08,108594.04,4,C0205
2025-06-02,Central,Electronics,Laptop,New,70462.87,48690.95,1,C0266
2025-06-02,South,Home & Living,Cookware,Regular,15603.62,12591.8,4,C0389
2025-06-02,East,Fashion,Shoes,Regular,3125.14,2287.81,1,C0153
2025-06-03,North,Sports,Cricket Kit,Regular,18046.57,14111.78,3,C0653
2025-06-03,East,Books,Self Help,Premium,2256.81,1852.34,4,C0535
2025-06-04,West,Sports,Dumbbells,New,6860.78,4853.25,3,C0063
2025-06-04,North,Electronics,Tablet,Regular,22097.79,15930.01,1,C0729
2025-06-05,Central,Home & Living,Cookware,Premium,16733.89,13663.7,4,C0295
2025-06-05,North,Sports,Running Shoes,Regular,13785.62,11107.71,4,C0037
2025-06-05,South,Fashion,Backpack,Regular,2888.82,2171.82,2,C0207
2025-06-06,South,Fashion,Shoes,Premium,5465.11,4142.3,2,C0067
2025-06-06,West,Fashion,Jacket,Premium,2831.5,1980.46,1,C0208
2025-06-07,East,Electronics,Headphones,Regular,16034.2,11108.8,4,C0267
2025-06-07,South,Electronics,Mobile Phone,Regular,35509.63,28023.57,1,C0531
2025-06-07,South,Electronics,Headphones,Premium,9910.5,6848.06,2,C0600
2025-06-07,West,Fashion,Jeans,Regular,5807.37,4138.97,3,C0631
2025-06-07,West,Home & Living,Lamp,Regular,7188.43,6042.34,4,C0173
2025-06-07,North,Home & Living,Cookware,Premium,17468.21,13393.75,4,C0044
2025-06-08,West,Fashion,T-Shirt,Regular,803.91,594.73,1,C0175
2025-06-08,South,Books,Novel,Regular,480.63,378.43,1,C0620
2025-06-08,North,Sports,Dumbbells,Premium,2669.16,1993.58,1,C0571
2025-06-08,North,Electronics,Smart Watch,Regular,16700.47,13567.5,2,C0691
2025-06-08,North,Sports,Cricket Kit,Regular,28626.81,22656.28,4,C0188
2025-06-08,North,Electronics,Headphones,Premium,13777.99,11500.21,3,C0105
2025-06-08,East,Fashion,T-Shirt,Regular,1854.36,1330.76,2,C0331
2025-06-08,North,Home & Living,Lamp,Premium,1729.87,1376.46,1,C0491
2025-06-08,Central,Fashion,Jacket,Regular,6361.2,4878.26,2,C0400
2025-06-08,North,Sports,Cricket Kit,Premium,5900.9,4899.07,1,C0162
2025-06-09,East,Electronics,Headphones,Premium,9944.66,8307.79,2,C0272
2025-06-09,West,Fashion,T-Shirt,New,2389.31,1755.58,3,C0426
2025-06-09,North,Home & Living,Sofa,Regular,123655.41,86147.53,4,C0228
2025-06-09,West,Electronics,Tablet,Regular,71552.56,52689.03,3,C0092
2025-06-10,South,Books,Self Help,New,1739.13,1450.61,3,C0789
2025-06-10,Central,Fashion,T-Shirt,Premium,1584.01,1161.68,2,C0383
2025-06-10,West,Electronics,Headphones,Premium,13135.78,10043.78,3,C0497
2025-06-10,East,Books,Business Book,Regular,651.7,445.13,1,C0137
2025-06-10,North,Electronics,Headphones,Regular,17612.41,14828.38,4,C0831
2025-06-11,East,Electronics,Smart Watch,Premium,6869.92,5367.37,1,C0689
2025-06-11,Central,Fashion,Jeans,Regular,4851.75,3910.85,3,C0084
2025-06-11,North,Books,Exam Guide,Regular,656.39,451.69,1,C0775
2025-06-11,North,Sports,Football,New,5983.64,4080.41,3,C0277
2025-06-11,Central,Fashion,Shoes,New,2480.51,1984.63,1,C0726
2025-06-12,Central,Fashion,Backpack,Regular,6781.82,4854.15,4,C0848
2025-06-12,Central,Home & Living,Lamp,Regular,7988.66,5831.39,4,C0754
2025-06-12,South,Electronics,Headphones,Regular,9668.2,6773.09,2,C0515
2025-06-12,North,Books,Exam Guide,Premium,1432.23,1186.81,2,C0546
2025-06-12,West,Sports,Yoga Mat,Regular,4779.29,3485.13,4,C0416
2025-06-12,South,Books,Programming Book,Regular,2902.71,2142.41,3,C0383
2025-06-13,West,Electronics,Smart Watch,Premium,23059.97,15737.65,3,C0619
2025-06-13,West,Electronics,Mobile Phone,Premium,140127.77,96498.69,4,C0857
2025-06-13,North,Books,Novel,Premium,889.3,672.68,2,C0430
2025-06-13,North,Sports,Football,Premium,7564.8,5836.61,4,C0477
2025-06-13,West,Fashion,Jeans,Regular,5993.39,5016.02,3,C0375
2025-06-13,South,Books,Programming Book,Premium,3477.87,2830.38,4,C0355
2025-06-13,North,Sports,Football,Regular,3685.0,2936.4,2,C0638
2025-06-14,North,Books,Exam Guide,Regular,711.82,581.37,1,C0239
2025-06-14,South,Sports,Running Shoes,Regular,3497.51,2495.73,1,C0155
2025-06-14,Central,Sports,Yoga Mat,Premium,4568.71,3421.29,4,C0521
2025-06-14,East,Sports,Cricket Kit,Premium,23280.55,18589.3,4,C0542
2025-06-14,North,Books,Self Help,Premium,571.01,410.92,1,C0259
2025-06-14,North,Books,Programming Book,Regular,981.98,727.5,1,C0046
2025-06-15,Central,Home & Living,Sofa,Premium,83302.42,63592.17,3,C0729
2025-06-15,South,Fashion,Shoes,Regular,3019.34,2332.77,1,C0633
2025-06-15,East,Home & Living,Bedsheet,Regular,5239.05,3950.31,4,C0574
2025-06-15,East,Electronics,Tablet,Regular,61548.25,47906.16,3,C0553
2025-06-15,North,Electronics,Headphones,Premium,12195.86,8409.02,3,C0499
2025-06-16,South,Books,Programming Book,Premium,3408.95,2651.72,4,C0076
2025-06-16,West,Books,Business Book,Premium,3131.18,2556.21,4,C0491
2025-06-16,North,Fashion,Jacket,Premium,3139.12,2274.16,1,C0103
2025-06-16,West,Fashion,Shoes,Regular,10960.1,8401.29,4,C0076
2025-06-16,East,Electronics,Headphones,Regular,7939.18,6016.68,2,C0813
2025-06-17,West,Electronics,Headphones,Regular,8973.64,6197.1,2,C0613
2025-06-17,South,Electronics,Headphones,Regular,17877.46,14778.59,4,C0742
2025-06-17,Central,Electronics,Mobile Phone,New,68414.19,50964.36,2,C0471
2025-06-17,South,Sports,Yoga Mat,Regular,3433.27,2510.2,3,C0120
2025-06-17,Central,Electronics,Tablet,New,77986.21,61865.06,4,C0645
2025-06-17,North,Electronics,Laptop,Regular,187788.93,144324.63,3,C0839
2025-06-18,Central,Fashion,Backpack,Premium,1568.28,1322.47,1,C0237
2025-06-18,East,Fashion,Backpack,New,4940.78,3553.09,3,C0691
2025-06-18,East,Home & Living,Cookware,Regular,11324.4,9344.88,3,C0062
2025-06-18,Central,Home & Living,Sofa,Regular,83756.96,70854.47,3,C0782
2025-06-18,North,Home & Living,Bedsheet,Regular,4987.04,3698.96,4,C0383
2025-06-18,Central,Fashion,Shoes,Premium,2828.69,2160.49,1,C0793
2025-06-18,Central,Books,Programming Book,Premium,1737.93,1303.29,2,C0501
2025-06-18,Central,Sports,Yoga Mat,Premium,1060.69,897.79,1,C0196
2025-06-19,East,Fashion,Backpack,Regular,3144.94,2309.62,2,C0685
2025-06-19,East,Electronics,Mobile Phone,Regular,33626.33,23823.37,1,C0416
2025-06-20,West,Books,Self Help,Premium,987.34,778.45,2,C0576
2025-06-20,East,Fashion,Shoes,Regular,3014.04,2315.92,1,C0063
2025-06-20,North,Electronics,Tablet,Regular,44877.51,36884.74,2,C0458
2025-06-20,Central,Sports,Yoga Mat,Regular,1228.07,916.33,1,C0100
2025-06-20,East,Electronics,Mobile Phone,Premium,36019.33,28157.49,1,C0865
2025-06-20,Central,Home & Living,Lamp,Regular,6685.78,5379.55,4,C0559
2025-06-21,South,Fashion,T-Shirt,New,2717.88,2075.18,3,C0121
2025-06-21,East,Home & Living,Cookware,New,12129.74,8392.06,3,C0591
2025-06-21,West,Fashion,Jeans,Regular,1848.47,1559.68,1,C0687
2025-06-21,North,Fashion,T-Shirt,Premium,2796.13,2206.64,3,C0266
2025-06-21,North,Home & Living,Sofa,Regular,77994.34,61082.88,3,C0343
2025-06-22,South,Home & Living,Lamp,Regular,3534.77,2991.54,2,C0217
2025-06-22,North,Home & Living,Cookware,Premium,8284.86,6864.09,2,C0095
2025-06-23,West,Electronics,Tablet,Regular,46921.56,33748.38,2,C0144
2025-06-23,Central,Electronics,Tablet,Regular,41933.3,30248.03,2,C0815
2025-06-23,North,Electronics,Headphones,Premium,9481.81,7239.04,2,C0751
2025-06-23,North,Electronics,Laptop,New,69243.59,58756.94,1,C0594
2025-06-23,Central,Electronics,Mobile Phone,New,108613.32,86080.13,3,C0132
2025-06-23,South,Sports,Cricket Kit,Regular,6809.6,4947.04,1,C0323
2025-06-23,Central,Electronics,Smart Watch,Regular,15160.57,11495.66,2,C0465
2025-06-24,South,Electronics,Smart Watch,Regular,23640.68,19413.56,3,C0717
2025-06-24,South,Sports,Football,Regular,1598.81,1201.88,1,C0741
2025-06-24,East,Electronics,Mobile Phone,Premium,37601.38,27049.91,1,C0857
2025-06-24,North,Electronics,Headphones,Regular,4835.63,3412.8,1,C0223
2025-06-24,East,Sports,Cricket Kit,Regular,27383.02,20518.44,4,C0066
2025-06-25,South,Books,Novel,Premium,1227.86,1035.57,3,C0670
2025-06-25,North,Fashion,Jacket,Premium,6090.96,4556.18,2,C0250
2025-06-25,East,Fashion,Jeans,Premium,6725.64,4910.96,4,C0034
2025-06-26,South,Home & Living,Bedsheet,Regular,3823.55,2911.12,3,C0692
2025-06-26,North,Home & Living,Lamp,Regular,3467.28,2832.23,2,C0473
2025-06-26,Central,Fashion,T-Shirt,Regular,799.66,610.29,1,C0815
2025-06-27,Central,Sports,Cricket Kit,Premium,25130.25,17445.78,4,C0826
2025-06-27,South,Home & Living,Dining Set,Premium,102777.32,83327.09,4,C0107
2025-06-28,West,Sports,Running Shoes,New,10185.57,8092.15,3,C0610
2025-06-28,North,Sports,Yoga Mat,Premium,3431.9,2597.84,3,C0496
2025-06-28,North,Sports,Dumbbells,New,8068.55,6851.75,3,C0040
2025-06-28,West,Books,Self Help,Regular,608.37,460.54,1,C0592
2025-06-28,North,Electronics,Laptop,Regular,122293.22,89297.02,2,C0394
2025-06-28,Central,Electronics,Tablet,New,91351.88,71239.09,4,C0834
2025-06-29,Central,Sports,Football,Regular,3479.55,2927.47,2,C0830
2025-06-29,West,Home & Living,Lamp,Regular,1673.57,1203.8,1,C0423
2025-06-29,East,Electronics,Mobile Phone,Regular,74102.14,53193.18,2,C0324
2025-06-29,East,Electronics,Tablet,Regular,22689.7,18303.77,1,C0410
2025-06-29,South,Home & Living,Dining Set,Premium,95134.48,80708.03,4,C0308
2025-06-30,North,Fashion,Jacket,Premium,3191.52,2538.47,1,C0631
2025-06-30,South,Sports,Yoga Mat,Regular,4230.13,3182.85,4,C0723
2025-06-30,South,Sports,Dumbbells,Regular,2784.56,2115.35,1,C0280
2025-06-30,North,Electronics,Headphones,Regular,9209.28,7641.49,2,C0255
2025-06-30,North,Books,Self Help,Regular,2125.75,1525.47,4,C0798
2025-06-30,West,Fashion,T-Shirt,Regular,3206.09,2289.6,4,C0770
2025-06-30,Central,Sports,Yoga Mat,Regular,5250.76,4080.57,4,C0881
2025-06-30,North,Fashion,T-Shirt,Regular,3670.08,2923.56,4,C0387
2025-07-01,West,Fashion,T-Shirt,Regular,3461.87,2856.9,4,C0464
2025-07-01,West,Electronics,Smart Watch,Regular,23248.93,16026.66,3,C0621
2025-07-01,North,Home & Living,Cookware,Regular,4247.48,3222.1,1,C0541
2025-07-02,North,Electronics,Tablet,Regular,78056.63,54441.01,4,C0295
2025-07-02,North,Sports,Yoga Mat,Regular,5036.07,3828.43,4,C0619
2025-07-02,North,Electronics,Laptop,Regular,140709.54,96026.09,2,C0781
2025-07-02,North,Books,Programming Book,New,3708.1,2930.92,4,C0568
2025-07-02,South,Home & Living,Cookware,Regular,16600.31,11567.57,4,C0302
2025-07-02,North,Electronics,Mobile Phone,Premium,68054.39,55372.12,2,C0674
2025-07-03,North,Home & Living,Lamp,New,7329.15,5304.2,4,C0257
2025-07-03,North,Sports,Yoga Mat,Regular,4532.88,3373.85,4,C0398
2025-07-03,South,Electronics,Laptop,Regular,125644.21,91193.86,2,C0341
2025-07-03,South,Fashion,Backpack,Premium,1485.3,1258.14,1,C0858
2025-07-03,South,Electronics,Headphones,Premium,8042.36,6377.93,2,C0426
2025-07-04,West,Home & Living,Dining Set,New,25086.72,17893.36,1,C0305
2025-07-04,Central,Electronics,Mobile Phone,Regular,34422.96,27437.3,1,C0365
2025-07-04,South,Fashion,Backpack,Regular,2817.87,2262.92,2,C0795
2025-07-04,North,Books,Business Book,Regular,643.25,454.41,1,C0685
2025-07-04,North,Home & Living,Sofa,Regular,31321.99,21923.85,1,C0250
2025-07-04,North,Fashion,Backpack,New,6109.06,4248.67,4,C0670
2025-07-04,Central,Sports,Cricket Kit,New,17671.37,13552.58,3,C0635
2025-07-05,West,Home & Living,Dining Set,Regular,74756.37,59432.16,3,C0869
2025-07-05,North,Sports,Cricket Kit,Regular,19335.95,16180.96,3,C0684
2025-07-05,North,Fashion,Jeans,Regular,4771.36,3435.84,3,C0516
2025-07-05,North,Sports,Running Shoes,New,3011.14,2357.44,1,C0552
2025-07-05,South,Electronics,Smart Watch,Regular,7273.21,5323.84,1,C0531
2025-07-05,South,Electronics,Laptop,New,236649.07,167953.08,4,C0127
2025-07-05,North,Fashion,Shoes,Regular,5781.56,3987.35,2,C0697
2025-07-07,West,Sports,Yoga Mat,New,3751.92,2566.54,3,C0459
2025-07-07,North,Home & Living,Lamp,Regular,3170.9,2161.81,2,C0804
2025-07-07,South,Fashion,Jeans,Regular,3738.6,2843.03,2,C0401
2025-07-07,East,Home & Living,Cookware,Regular,16411.55,13384.28,4,C0093
2025-07-07,Central,Electronics,Headphones,Regular,9785.02,7168.01,2,C0892
2025-07-07,North,Electronics,Mobile Phone,Regular,31863.96,25245.74,1,C0598
2025-07-08,West,Books,Self Help,Premium,1458.13,1102.17,3,C0304
2025-07-08,South,Electronics,Headphones,Regular,9894.39,7694.26,2,C0705
2025-07-08,South,Books,Programming Book,Premium,2828.56,2265.87,3,C0401
2025-07-08,South,Electronics,Mobile Phone,Premium,34124.62,27909.69,1,C0198
2025-07-08,North,Electronics,Smart Watch,Regular,16384.43,11462.16,2,C0596
2025-07-08,North,Home & Living,Bedsheet,Premium,2478.65,1703.06,2,C0521
2025-07-08,East,Books,Exam Guide,New,1359.39,1091.23,2,C0717
2025-07-09,East,Books,Novel,Regular,470.61,371.3,1,C0039
2025-07-09,West,Fashion,Backpack,Regular,7117.21,5762.75,4,C0544
2025-07-09,North,Electronics,Laptop,Premium,138354.0,94999.51,2,C0219
2025-07-09,West,Books,Exam Guide,Premium,1901.92,1330.86,3,C0455
2025-07-10,North,Home & Living,Cookware,Regular,13313.12,10717.42,3,C0602
2025-07-10,South,Home & Living,Lamp,Regular,3445.77,2360.4,2,C0594
2025-07-10,North,Electronics,Smart Watch,Regular,7385.27,6100.47,1,C0416
2025-07-10,Central,Sports,Dumbbells,Regular,7723.34,6148.46,3,C0881
2025-07-10,South,Electronics,Smart Watch,Regular,23039.74,16670.59,3,C0352
2025-07-11,Central,Fashion,Shoes,Regular,10527.29,7648.67,4,C0701
2025-07-11,East,Sports,Yoga Mat,Regular,1163.5,932.0,1,C0819
2025-07-11,South,Electronics,Mobile Phone,Regular,101369.89,85115.57,3,C0102
2025-07-11,Central,Sports,Dumbbells,Premium,6914.42,4850.34,3,C0429
2025-07-12,East,Electronics,Mobile Phone,Regular,123793.04,92076.49,4,C0398
2025-07-12,North,Sports,Football,Regular,1939.54,1479.05,1,C0116
2025-07-13,South,Books,Novel,Regular,913.08,671.62,2,C0872
2025-07-13,East,Fashion,Shoes,Regular,5087.69,4286.89,2,C0728
2025-07-13,Central,Electronics,Tablet,Regular,20653.59,16585.41,1,C0580
2025-07-13,Central,Sports,Running Shoes,Premium,8889.41,6190.0,3,C0277
2025-07-13,East,Books,Novel,New,1461.39,1197.23,3,C0469
2025-07-13,North,Electronics,Smart Watch,Regular,33430.72,26296.88,4,C0243
2025-07-13,North,Electronics,Tablet,Premium,40193.19,30360.63,2,C0630
2025-07-13,North,Fashion,Shoes,Regular,12057.33,8963.55,4,C0889
2025-07-14,North,Fashion,Shoes,Regular,5112.82,3657.45,2,C0546
2025-07-14,North,Electronics,Laptop,Premium,62591.08,43793.99,1,C0496
2025-07-14,South,Electronics,Tablet,Regular,66902.29,48459.33,3,C0797
2025-07-14,Central,Electronics,Smart Watch,Regular,6614.16,5416.68,1,C0675
2025-07-14,North,Sports,Running Shoes,New,13335.98,9221.01,4,C0776
2025-07-14,North,Books,Novel,Premium,913.0,653.58,2,C0710
2025-07-15,East,Home & Living,Sofa,Regular,28178.72,22580.14,1,C0152
2025-07-15,East,Sports,Dumbbells,Premium,7102.77,5613.0,3,C0601
2025-07-15,South,Sports,Dumbbells,Premium,10265.19,7528.12,4,C0127
2025-07-16,Central,Books,Self Help,Regular,1046.79,774.15,2,C0637
2025-07-16,North,Fashion,Jacket,Premium,10074.9,7307.34,3,C0361
2025-07-17,South,Fashion,Jeans,Premium,1687.79,1314.29,1,C0295
2025-07-17,North,Books,Programming Book,Premium,3803.96,2809.33,4,C0111
2025-07-17,West,Fashion,Jeans,Regular,3678.31,3121.04,2,C0777
2025-07-17,Central,Electronics,Laptop,Premium,264902.17,221029.75,4,C0583
2025-07-17,South,Electronics,Headphones,New,13586.31,11177.13,3,C0604
2025-07-17,Central,Books,Exam Guide,Regular,1350.21,1111.69,2,C0526
2025-07-18,Central,Electronics,Headphones,Regular,18029.37,13653.04,4,C0132
2025-07-18,East,Books,Programming Book,New,840.06,585.68,1,C0055
2025-07-18,South,Sports,Cricket Kit,Premium,18398.41,13817.15,3,C0731
2025-07-18,North,Sports,Cricket Kit,Premium,6859.25,5209.4,1,C0193
2025-07-18,South,Electronics,Laptop,Regular,69264.22,51030.94,1,C0129
2025-07-19,West,Home & Living,Cookware,Regular,4585.16,3547.95,1,C0376
2025-07-19,Central,Home & Living,Lamp,Premium,4983.5,4073.43,3,C0283
2025-07-19,North,Books,Self Help,Regular,1142.46,872.12,2,C0021
2025-07-19,Central,Electronics,Laptop,Regular,234643.31,195022.75,4,C0246
2025-07-19,West,Fashion,Jeans,Premium,1594.03,1192.5,1,C0435
2025-07-20,South,Sports,Cricket Kit,Premium,5908.5,4168.39,1,C0859
2025-07-20,North,Sports,Dumbbells,Premium,9017.1,6181.24,4,C0237
2025-07-20,Central,Electronics,Mobile Phone,Regular,71100.21,55015.81,2,C0478
2025-07-20,Central,Fashion,Jeans,Premium,7034.11,4808.96,4,C0843
2025-07-21,East,Books,Novel,Regular,822.28,662.67,2,C0415
2025-07-21,North,Fashion,Backpack,New,1517.34,1072.33,1,C0505
2025-07-21,West,Fashion,Jeans,Premium,3806.93,3138.99,2,C0208
2025-07-21,South,Home & Living,Sofa,New,56438.54,45466.12,2,C0068
2025-07-22,South,Home & Living,Cookware,Premium,15918.01,11133.72,4,C0770
2025-07-22,Central,Electronics,Mobile Phone,New,63410.2,49419.66,2,C0627
2025-07-22,Central,Electronics,Laptop,Regular,200646.16,156819.78,3,C0757
2025-07-22,West,Home & Living,Sofa,New,53928.51,41216.97,2,C0829
2025-07-22,East,Fashion,Jeans,Premium,3658.75,2877.41,2,C0421
2025-07-22,Central,Books,Exam Guide,New,1346.66,1105.21,2,C0562
2025-07-22,South,Fashion,T-Shirt,Regular,2627.48,1834.65,3,C0441
2025-07-22,West,Books,Programming Book,New,2511.65,1809.64,3,C0057
2025-07-22,South,Electronics,Headphones,Regular,4445.02,3137.27,1,C0028
2025-07-22,North,Electronics,Smart Watch,Premium,6862.98,4856.21,1,C0091
2025-07-23,East,Fashion,Backpack,New,2875.23,2249.14,2,C0432
2025-07-23,North,Home & Living,Cookware,Premium,17559.73,14152.18,4,C0481
2025-07-23,East,Electronics,Laptop,Regular,67348.5,55628.91,1,C0176
2025-07-23,North,Sports,Running Shoes,New,10277.84,7336.0,3,C0711
2025-07-24,West,Books,Exam Guide,Premium,1324.9,1094.6,2,C0857
2025-07-24,West,Electronics,Mobile Phone,Regular,38876.94,28696.83,1,C0343
2025-07-24,South,Electronics,Mobile Phone,Premium,34305.85,24906.92,1,C0155
2025-07-25,Central,Fashion,Jeans,Regular,3405.7,2525.98,2,C0148
2025-07-26,Central,Books,Novel,Regular,445.15,306.53,1,C0822
2025-07-26,South,Sports,Yoga Mat,Regular,4944.62,4045.24,4,C0608
2025-07-26,South,Home & Living,Sofa,Premium,57485.32,46795.22,2,C0449
2025-07-26,East,Fashion,T-Shirt,Regular,829.15,618.49,1,C0846
2025-07-26,South,Books,Novel,Regular,1451.91,1137.39,3,C0054
2025-07-26,North,Electronics,Laptop,Regular,193586.57,153054.23,3,C0015
2025-07-26,Central,Sports,Football,New,6922.66,5378.94,4,C0370
2025-07-27,North,Home & Living,Sofa,Regular,108254.44,82871.3,4,C0422
2025-07-27,Central,Sports,Dumbbells,Premium,7075.1,5806.34,3,C0156
2025-07-27,South,Home & Living,Dining Set,Regular,79814.66,58012.44,3,C0633
2025-07-28,South,Home & Living,Sofa,Regular,103564.05,73436.29,4,C0160
2025-07-28,South,Electronics,Tablet,Regular,23430.07,17161.57,1,C0623
2025-07-28,South,Books,Business Book,Regular,2179.37,1640.67,3,C0337
2025-07-28,West,Sports,Cricket Kit,Regular,20997.46,17778.06,3,C0690
2025-07-28,Central,Home & Living,Dining Set,New,100414.08,79482.83,4,C0005
2025-07-28,North,Fashion,Jacket,Regular,3574.93,2686.97,1,C0349
2025-07-29,East,Sports,Cricket Kit,Premium,6312.8,5068.83,1,C0666
2025-07-29,West,Home & Living,Dining Set,Premium,21913.55,14997.41,1,C0105
2025-07-30,South,Electronics,Laptop,Regular,215586.38,167118.17,3,C0487
2025-07-30,Central,Sports,Football,Regular,7470.74,5304.48,4,C0787
2025-07-31,South,Fashion,Shoes,Regular,2831.75,2094.94,1,C0027
2025-07-31,East,Sports,Dumbbells,Regular,5078.04,4106.37,2,C0354
2025-07-31,South,Fashion,Jacket,Regular,13804.49,11354.76,4,C0364
2025-08-01,East,Sports,Yoga Mat,Regular,3565.14,2926.25,3,C0062
2025-08-01,Central,Sports,Football,Regular,5533.66,4700.33,3,C0308
2025-08-01,East,Books,Business Book,Regular,1462.95,1209.17,2,C0174
2025-08-02,East,Sports,Dumbbells,Regular,9134.34,6492.51,4,C0809
2025-08-02,Central,Fashion,Jacket,Regular,13426.78,11150.17,4,C0215
2025-08-03,Central,Sports,Running Shoes,Premium,3182.02,2274.07,1,C0197
2025-08-03,North,Fashion,Shoes,Regular,5641.67,4150.89,2,C0685
2025-08-03,Central,Electronics,Headphones,New,14647.37,11947.3,3,C0467
2025-08-03,South,Home & Living,Lamp,Regular,5611.26,4582.48,3,C0658
2025-08-03,West,Electronics,Tablet,Regular,23767.95,17563.78,1,C0455
2025-08-03,West,Electronics,Laptop,Premium,127281.6,89357.11,2,C0439
2025-08-03,North,Electronics,Mobile Phone,Regular,140568.78,109946.42,4,C0662
2025-08-04,North,Books,Programming Book,Premium,2919.02,2281.94,3,C0718
2025-08-04,East,Fashion,Jacket,Regular,5797.88,4855.22,2,C0379
2025-08-04,South,Fashion,Jacket,Regular,6165.1,4613.51,2,C0141
2025-08-04,North,Sports,Football,Regular,5455.26,4485.98,3,C0835
2025-08-04,West,Home & Living,Lamp,Regular,3963.7,2848.39,2,C0600
2025-08-04,North,Fashion,Backpack,New,2955.04,2383.85,2,C0645
2025-08-04,South,Sports,Dumbbells,Premium,5400.19,3998.38,2,C0676
2025-08-05,South,Fashion,Jeans,Regular,1804.75,1466.74,1,C0731
2025-08-05,South,Fashion,Shoes,Regular,2465.16,2042.22,1,C0096
2025-08-05,West,Sports,Cricket Kit,Regular,11737.97,9103.69,2,C0427
2025-08-06,Central,Home & Living,Cookware,New,13667.14,10762.38,3,C0566
2025-08-06,North,Electronics,Smart Watch,Premium,31266.95,23060.06,4,C0854
2025-08-06,North,Sports,Dumbbells,Premium,8085.71,6578.35,3,C0651
2025-08-07,West,Home & Living,Cookware,Premium,12974.57,9583.81,3,C0849
2025-08-07,East,Fashion,Jeans,Regular,5807.26,4360.88,3,C0162
2025-08-07,South,Fashion,T-Shirt,Premium,979.73,753.17,1,C0306
2025-08-07,North,Electronics,Smart Watch,Regular,6847.48,5321.94,1,C0804
2025-08-07,East,Fashion,Jeans,Regular,8021.97,5800.87,4,C0277
2025-08-07,Central,Books,Programming Book,Premium,847.83,603.74,1,C0204
2025-08-08,West,Home & Living,Cookware,Regular,11133.23,9014.05,3,C0316
2025-08-08,East,Sports,Dumbbells,Regular,7301.68,6115.67,3,C0329
2025-08-08,Central,Sports,Yoga Mat,Regular,1128.02,826.86,1,C0638
2025-08-09,South,Fashion,Jeans,New,7380.24,5033.78,4,C0408
2025-08-09,Central,Sports,Dumbbells,Regular,6992.1,5179.71,3,C0283
2025-08-09,North,Electronics,Headphones,Premium,4195.51,3204.74,1,C0270
2025-08-09,South,Home & Living,Bedsheet,Premium,1259.71,1022.61,1,C0445
2025-08-09,South,Electronics,Headphones,Regular,8859.75,6047.96,2,C0772
2025-08-10,East,Electronics,Smart Watch,Premium,20229.47,15927.35,3,C0569
2025-08-10,West,Home & Living,Dining Set,Premium,65802.32,53514.7,3,C0288
2025-08-10,West,Fashion,Jacket,Regular,9502.51,6958.96,3,C0252
2025-08-10,West,Sports,Dumbbells,Regular,9474.51,7253.33,4,C0488
2025-08-11,East,Electronics,Headphones,Regular,13991.62,10272.87,3,C0206
2025-08-12,East,Fashion,Jeans,Premium,3546.79,2427.72,2,C0443
2025-08-12,North,Home & Living,Sofa,Regular,87539.3,62781.28,3,C0221
2025-08-12,East,Books,Novel,Regular,874.68,615.76,2,C0049
2025-08-12,North,Electronics,Mobile Phone,Premium,65728.81,50167.59,2,C0886
2025-08-13,West,Sports,Cricket Kit,Regular,28356.86,23077.95,4,C0506
2025-08-13,South,Sports,Dumbbells,Premium,10395.42,8491.29,4,C0006
2025-08-13,North,Books,Programming Book,Regular,3251.81,2740.09,4,C0414
2025-08-13,West,Electronics,Laptop,Regular,242545.56,167753.17,4,C0452
2025-08-13,Central,Electronics,Laptop,Regular,67129.84,49943.46,1,C0280
2025-08-13,Central,Electronics,Mobile Phone,Premium,133983.15,100808.49,4,C0046
2025-08-13,West,Fashion,Shoes,Regular,6100.19,4705.95,2,C0844
2025-08-14,South,Home & Living,Cookware,New,15648.66,12306.7,4,C0073
2025-08-14,East,Sports,Football,Regular,1904.77,1350.6,1,C0380
2025-08-15,East,Books,Self Help,Premium,2128.65,1613.24,4,C0775
2025-08-15,North,Home & Living,Dining Set,Premium,21690.81,16002.91,1,C0471
2025-08-15,South,Fashion,Jeans,Premium,7194.73,5248.63,4,C0545
2025-08-15,North,Electronics,Smart Watch,Premium,7889.81,5848.55,1,C0703
2025-08-15,West,Electronics,Mobile Phone,Regular,32713.47,24200.47,1,C0458
2025-08-15,East,Fashion,Jeans,Premium,5375.26,3841.81,3,C0811
2025-08-16,North,Sports,Yoga Mat,Premium,3794.5,2782.97,3,C0300
2025-08-16,South,Electronics,Smart Watch,Regular,8012.49,6476.91,1,C0646
2025-08-17,South,Books,Novel,Premium,461.69,351.69,1,C0679
2025-08-17,North,Electronics,Headphones,Premium,8015.92,5564.82,2,C0850
2025-08-18,South,Sports,Football,Regular,7584.95,5903.15,4,C0799
2025-08-18,North,Sports,Yoga Mat,Premium,3599.74,2489.14,3,C0003
2025-08-18,North,Fashion,Jacket,Regular,6104.46,5138.6,2,C0151
2025-08-18,East,Electronics,Mobile Phone,Regular,136842.59,93307.29,4,C0647
2025-08-18,East,Books,Business Book,Premium,2243.26,1762.03,3,C0104
2025-08-19,East,Sports,Yoga Mat,Regular,3767.99,2660.56,3,C0647
2025-08-19,West,Books,Business Book,Premium,646.33,547.82,1,C0775
2025-08-19,North,Books,Programming Book,New,815.26,568.97,1,C0777
2025-08-19,Central,Electronics,Smart Watch,Regular,20307.93,15367.25,3,C0198
2025-08-20,Central,Fashion,Backpack,Regular,4828.34,3927.83,3,C0300
2025-08-20,West,Fashion,Jacket,Regular,3507.21,2518.22,1,C0763
2025-08-20,West,Home & Living,Cookware,Regular,16691.66,12891.48,4,C0211
2025-08-20,North,Fashion,Jacket,Regular,3348.62,2521.21,1,C0703
2025-08-20,South,Electronics,Tablet,Premium,81220.01,65692.46,4,C0694
2025-08-20,South,Books,Self Help,Premium,542.37,397.59,1,C0399
2025-08-20,South,Electronics,Tablet,Premium,43318.13,29849.96,2,C0413
2025-08-20,West,Home & Living,Sofa,Regular,80988.09,62969.86,3,C0224
2025-08-20,West,Books,Programming Book,Regular,1776.99,1347.29,2,C0682
2025-08-20,South,Home & Living,Bedsheet,Premium,3843.86,2748.41,3,C0278
2025-08-20,North,Electronics,Tablet,Regular,90130.5,69440.25,4,C0075
2025-08-21,West,Electronics,Tablet,Premium,39074.45,29440.12,2,C0615
2025-08-21,North,Sports,Cricket Kit,New,5750.22,4632.24,1,C0355
2025-08-21,South,Electronics,Mobile Phone,Regular,62667.34,43719.79,2,C0837
2025-08-21,West,Fashion,Backpack,Regular,1411.05,1025.39,1,C0440
2025-08-21,North,Sports,Running Shoes,New,6122.65,4259.32,2,C0819
2025-08-21,South,Electronics,Mobile Phone,New,73956.56,61462.7,2,C0257
2025-08-21,North,Fashion,Shoes,Regular,8931.07,6488.17,3,C0696
2025-08-21,North,Home & Living,Lamp,New,6047.31,4355.74,3,C0865
2025-08-22,North,Fashion,Jacket,Premium,10259.29,8380.98,3,C0451
2025-08-22,West,Sports,Cricket Kit,Regular,19785.71,15746.94,3,C0491
2025-08-23,North,Home & Living,Sofa,Premium,89343.41,61091.49,3,C0853
2025-08-23,South,Electronics,Smart Watch,Regular,23406.94,18817.0,3,C0756
2025-08-24,North,Sports,Dumbbells,Regular,5451.01,4535.99,2,C0116
2025-08-25,South,Fashion,T-Shirt,Regular,901.85,693.64,1,C0479
2025-08-25,North,Electronics,Laptop,New,179847.2,127669.2,3,C0030
2025-08-25,North,Home & Living,Bedsheet,New,2614.33,2207.09,2,C0216
2025-08-26,South,Fashion,Backpack,Regular,1730.36,1412.6,1,C0857
2025-08-26,East,Sports,Yoga Mat,Regular,2461.82,2028.07,2,C0669
2025-08-26,South,Books,Novel,Regular,409.0,303.36,1,C0457
2025-08-26,East,Home & Living,Sofa,New,77345.09,62059.88,3,C0548
2025-08-26,North,Books,Exam Guide,Regular,1858.18,1284.91,3,C0643
2025-08-26,North,Sports,Running Shoes,Premium,6773.52,5281.71,2,C0523
2025-08-26,East,Books,Business Book,Premium,2033.68,1546.0,3,C0647
2025-08-26,West,Electronics,Laptop,Premium,231245.82,182825.06,4,C0380
2025-08-27,West,Sports,Dumbbells,Premium,2583.07,1787.84,1,C0777
2025-08-27,East,Sports,Football,Regular,1878.83,1389.57,1,C0140
2025-08-27,South,Electronics,Headphones,Premium,4151.3,3251.7,1,C0396
2025-08-27,Central,Sports,Cricket Kit,Regular,11838.78,10051.61,2,C0839
2025-08-27,North,Sports,Cricket Kit,New,29097.75,19951.22,4,C0761
2025-08-27,East,Fashion,Shoes,Regular,2468.7,1933.51,1,C0631
2025-08-27,East,Electronics,Headphones,Regular,8461.29,5984.17,2,C0891
2025-08-28,Central,Fashion,T-Shirt,Premium,1824.64,1304.78,2,C0148
2025-08-28,North,Home & Living,Dining Set,Premium,65883.43,51401.88,3,C0854
2025-08-29,North,Books,Exam Guide,Premium,1225.84,897.58,2,C0568
2025-08-29,North,Electronics,Smart Watch,Premium,13395.02,10298.6,2,C0438
2025-08-29,North,Electronics,Laptop,New,70391.85,53700.42,1,C0066
2025-08-30,Central,Sports,Football,Regular,3489.54,2738.12,2,C0387
2025-08-30,North,Fashion,Backpack,Premium,3458.22,2377.56,2,C0802
2025-08-30,North,Home & Living,Dining Set,Premium,24540.32,19800.11,1,C0810
2025-08-30,West,Sports,Dumbbells,Premium,5212.52,3588.89,2,C0611
2025-08-31,Central,Home & Living,Cookware,Regular,4012.02,2788.54,1,C0805
2025-08-31,South,Sports,Cricket Kit,Regular,25221.46,18136.35,4,C0869
2025-08-31,East,Sports,Cricket Kit,Regular,6862.7,5525.73,1,C0347
2025-08-31,South,Fashion,Backpack,New,7015.39,5856.32,4,C0227
2025-08-31,North,Books,Novel,Regular,967.72,693.08,2,C0177
2025-08-31,Central,Fashion,Shoes,Premium,11456.24,9093.12,4,C0564
2025-09-01,South,Fashion,Jacket,Regular,9320.0,7302.07,3,C0689
2025-09-01,West,Home & Living,Bedsheet,Regular,1483.07,1251.32,1,C0869
2025-09-01,North,Books,Programming Book,Regular,1004.6,750.9,1,C0518
2025-09-02,North,Fashion,Jacket,Regular,12993.76,9109.16,4,C0004
2025-09-02,East,Books,Self Help,Regular,1646.35,1192.35,3,C0376
2025-09-02,South,Home & Living,Dining Set,Regular,26483.54,19316.12,1,C0832
2025-09-02,South,Sports,Football,Premium,3474.6,2772.86,2,C0384
2025-09-02,Central,Electronics,Laptop,Regular,59031.7,44656.21,1,C0222
2025-09-02,East,Electronics,Smart Watch,Regular,23476.06,17401.08,3,C0118
2025-09-03,South,Electronics,Laptop,Premium,125781.35,95256.68,2,C0821
2025-09-03,West,Electronics,Laptop,New,123278.05,98931.61,2,C0778
2025-09-03,West,Electronics,Headphones,Regular,4757.05,3798.99,1,C0670
2025-09-04,North,Electronics,Mobile Phone,Regular,110226.04,80958.55,3,C0464
2025-09-04,North,Sports,Football,Regular,3274.98,2366.83,2,C0326
2025-09-04,West,Fashion,Jeans,Regular,1929.67,1631.83,1,C0463
2025-09-04,South,Fashion,T-Shirt,Premium,801.5,614.85,1,C0802
2025-09-05,East,Home & Living,Sofa,Regular,29639.38,21117.51,1,C0834
2025-09-05,South,Books,Programming Book,Regular,794.38,564.37,1,C0496
2025-09-05,North,Fashion,Jeans,Regular,7357.59,5022.23,4,C0460
2025-09-05,South,Electronics,Mobile Phone,Regular,116854.91,81163.25,3,C0330
2025-09-05,North,Home & Living,Cookware,Regular,8999.4,6445.83,2,C0868
2025-09-05,Central,Fashion,Jacket,Regular,3304.87,2398.35,1,C0099
2025-09-06,South,Sports,Cricket Kit,Premium,6070.59,4760.6,1,C0035
2025-09-06,North,Books,Business Book,Regular,1859.46,1323.91,3,C0847
2025-09-07,East,Sports,Cricket Kit,Regular,7096.0,5716.98,1,C0698
2025-09-07,West,Sports,Football,Regular,7429.99,5460.53,4,C0022
2025-09-07,Central,Sports,Dumbbells,Premium,9117.06,7206.76,4,C0179
2025-09-07,East,Home & Living,Bedsheet,Regular,1301.51,1095.01,1,C0545
2025-09-07,North,Electronics,Mobile Phone,Regular,100030.3,83678.38,3,C0042
2025-09-08,East,Sports,Yoga Mat,Regular,3624.23,2497.05,3,C0865
2025-09-08,North,Fashion,T-Shirt,Premium,1955.61,1478.06,2,C0680
2025-09-08,West,Fashion,Backpack,Regular,5666.8,4132.93,4,C0211
2025-09-08,West,Electronics,Laptop,New,65697.52,48091.16,1,C0796
2025-09-08,Central,Sports,Yoga Mat,Regular,4864.02,3855.31,4,C0684
2025-09-08,Central,Sports,Yoga Mat,Regular,1200.17,1003.11,1,C0231
2025-09-09,West,Electronics,Smart Watch,Regular,32784.11,24003.43,4,C0631
2025-09-09,North,Electronics,Headphones,Regular,9284.56,7855.32,2,C0383
2025-09-10,North,Fashion,T-Shirt,Premium,2706.76,2170.71,3,C0487
2025-09-10,West,Fashion,Backpack,Premium,1786.64,1485.75,1,C0697
2025-09-11,North,Sports,Yoga Mat,Regular,3451.23,2498.27,3,C0183
2025-09-11,East,Fashion,T-Shirt,Premium,3371.57,2599.83,4,C0633
2025-09-12,West,Electronics,Tablet,Premium,46541.91,38321.62,2,C0280
2025-09-12,South,Home & Living,Sofa,Premium,26643.36,20163.11,1,C0239
2025-09-12,North,Fashion,Jeans,Premium,5773.93,4868.06,3,C0522
2025-09-12,South,Electronics,Smart Watch,Regular,24263.53,20365.36,3,C0402
2025-09-12,West,Sports,Cricket Kit,Regular,6347.24,4332.64,1,C0096
2025-09-12,East,Electronics,Smart Watch,Regular,24399.55,19289.51,3,C0830
2025-09-13,North,Fashion,T-Shirt,New,1746.76,1216.65,2,C0239
2025-09-13,South,Fashion,T-Shirt,Premium,3300.16,2292.61,4,C0883
2025-09-13,Central,Books,Business Book,Regular,1876.3,1419.07,3,C0292
2025-09-13,West,Home & Living,Lamp,Premium,3977.2,3271.13,2,C0054
2025-09-13,North,Sports,Yoga Mat,Regular,2129.12,1623.21,2,C0047
2025-09-13,East,Electronics,Tablet,Regular,60414.23,44125.96,3,C0590
2025-09-14,Central,Electronics,Smart Watch,New,8235.51,6604.33,1,C0371
2025-09-14,West,Sports,Football,New,5421.74,3912.3,3,C0261
2025-09-14,East,Electronics,Headphones,Premium,9316.83,7033.15,2,C0227
2025-09-14,North,Electronics,Headphones,New,12333.61,9012.93,3,C0312
2025-09-15,North,Electronics,Smart Watch,Regular,23012.29,19329.08,3,C0220
2025-09-15,East,Fashion,Jeans,Premium,5951.91,4108.36,3,C0704
2025-09-15,East,Home & Living,Lamp,Regular,3435.94,2462.05,2,C0375
2025-09-15,South,Home & Living,Bedsheet,Regular,3932.5,3078.85,3,C0332
2025-09-16,East,Electronics,Smart Watch,Premium,24146.71,18846.41,3,C0088
2025-09-16,Central,Electronics,Smart Watch,Regular,20486.37,17322.43,3,C0542
2025-09-16,North,Books,Novel,Regular,401.81,306.86,1,C0712
2025-09-16,North,Books,Self Help,Regular,1535.19,1058.58,3,C0122
2025-09-17,Central,Sports,Football,Regular,1664.22,1396.17,1,C0808
2025-09-17,North,Sports,Football,Regular,5433.68,4163.27,3,C0169
2025-09-17,North,Sports,Yoga Mat,Premium,3883.74,3022.24,3,C0836
2025-09-17,North,Sports,Dumbbells,Regular,11062.82,7656.79,4,C0586
2025-09-18,East,Books,Exam Guide,Regular,2064.93,1673.84,3,C0407
2025-09-18,South,Books,Self Help,Premium,2099.34,1589.1,4,C0001
2025-09-19,West,Books,Novel,Premium,1630.04,1375.0,4,C0308
2025-09-19,West,Books,Business Book,Premium,1473.28,1248.76,2,C0659
2025-09-19,North,Sports,Football,Regular,7010.46,4959.81,4,C0522
2025-09-19,South,Sports,Running Shoes,Regular,5680.61,4752.02,2,C0253
2025-09-19,East,Sports,Running Shoes,Regular,3341.43,2421.42,1,C0675
2025-09-19,North,Fashion,Shoes,Regular,3101.62,2206.51,1,C0441
2025-09-20,Central,Sports,Running Shoes,New,12759.07,9508.65,4,C0272
2025-09-20,East,Fashion,Backpack,Regular,4556.76,3536.93,3,C0583
2025-09-21,East,Home & Living,Dining Set,New,21741.85,17350.19,1,C0325
2025-09-21,South,Home & Living,Bedsheet,Regular,5612.04,4593.76,4,C0817
2025-09-21,North,Electronics,Smart Watch,Premium,25088.47,18286.03,3,C0864
2025-09-21,West,Electronics,Smart Watch,New,26953.49,20234.16,4,C0694
2025-09-21,East,Home & Living,Bedsheet,Premium,5899.48,4263.63,4,C0197
2025-09-21,Central,Home & Living,Cookware,Premium,13849.67,11551.05,3,C0702
2025-09-21,Central,Sports,Football,New,3216.85,2284.37,2,C0115
2025-09-22,South,Electronics,Smart Watch,Regular,21336.61,15132.62,3,C0736
2025-09-22,South,Electronics,Tablet,Regular,48922.87,39310.89,2,C0562
2025-09-22,North,Fashion,Shoes,Premium,9377.4,7296.93,3,C0554
2025-09-22,East,Books,Programming Book,Regular,3007.81,2493.39,3,C0349
2025-09-22,North,Fashion,Backpack,Regular,4680.77,3501.01,3,C0148
2025-09-23,East,Sports,Dumbbells,Regular,4700.34,3666.94,2,C0493
2025-09-23,West,Books,Novel,Premium,1829.23,1345.74,4,C0718
2025-09-24,South,Books,Exam Guide,Regular,2730.98,1892.41,4,C0730
2025-09-24,North,Home & Living,Cookware,Premium,11557.55,8113.8,3,C0820
2025-09-24,Central,Fashion,T-Shirt,Regular,2813.1,1941.09,3,C0433
2025-09-24,South,Fashion,Jacket,Regular,12927.44,10337.7,4,C0103
2025-09-24,West,Sports,Football,Regular,3908.83,3179.82,2,C0519
2025-09-25,East,Books,Business Book,Regular,2968.9,2510.87,4,C0510
2025-09-25,North,Electronics,Laptop,Premium,69560.28,48994.1,1,C0303
2025-09-25,South,Home & Living,Sofa,New,101553.7,74594.24,4,C0199
2025-09-25,South,Home & Living,Sofa,Regular,27601.95,20470.77,1,C0866
2025-09-26,East,Books,Business Book,Regular,1461.56,1022.34,2,C0138
2025-09-26,South,Electronics,Laptop,Regular,144795.56,106874.62,2,C0817
2025-09-26,East,Sports,Running Shoes,Premium,6565.18,4485.64,2,C0145
2025-09-26,Central,Sports,Football,Regular,3596.84,2465.93,2,C0619
2025-09-26,South,Home & Living,Sofa,Regular,111666.43,77779.75,4,C0571
2025-09-26,East,Electronics,Tablet,Premium,73651.34,61095.65,3,C0540
2025-09-26,Central,Fashion,T-Shirt,Regular,2755.99,2033.96,3,C0086
2025-09-26,North,Home & Living,Bedsheet,Regular,3701.53,2631.15,3,C0218
2025-09-26,East,Fashion,T-Shirt,Regular,3189.82,2690.24,4,C0464
2025-09-26,West,Fashion,T-Shirt,New,882.08,638.27,1,C0553
2025-09-27,North,Books,Novel,Regular,831.47,597.11,2,C0074
2025-09-27,Central,Home & Living,Lamp,New,3223.63,2196.49,2,C0394
2025-09-27,South,Electronics,Smart Watch,Premium,6667.53,5145.69,1,C0142
2025-09-27,Central,Electronics,Smart Watch,Regular,7254.06,5722.01,1,C0354
2025-09-27,East,Fashion,T-Shirt,New,963.22,703.79,1,C0338
2025-09-27,West,Sports,Yoga Mat,Regular,2519.51,2049.57,2,C0139
2025-09-27,Central,Electronics,Mobile Phone,Regular,70422.77,55619.34,2,C0699
2025-09-27,North,Electronics,Mobile Phone,Regular,98081.78,80464.08,3,C0861
2025-09-28,North,Electronics,Headphones,Regular,8938.39,6903.95,2,C0047
2025-09-28,South,Sports,Football,Regular,1806.67,1529.77,1,C0426
2025-09-29,South,Home & Living,Dining Set,Regular,100620.58,81378.94,4,C0109
2025-09-29,North,Home & Living,Dining Set,Regular,63510.05,52793.48,3,C0551
2025-09-29,South,Electronics,Smart Watch,Regular,28223.15,20574.81,4,C0813
2025-09-29,West,Sports,Football,New,3502.73,2485.07,2,C0004
2025-09-29,South,Sports,Football,New,3662.59,2623.2,2,C0753
2025-09-29,North,Electronics,Tablet,Premium,93648.67,73228.98,4,C0360
2025-09-30,South,Sports,Dumbbells,Premium,9913.76,7801.22,4,C0059
2025-09-30,South,Home & Living,Sofa,Regular,111875.55,94560.69,4,C0124
2025-09-30,Central,Electronics,Laptop,Regular,131878.65,94624.5,2,C0240
2025-10-01,South,Fashion,Shoes,Regular,8814.49,6512.22,3,C0858
2025-10-01,West,Home & Living,Bedsheet,Regular,5475.7,3822.73,4,C0078
2025-10-01,South,Fashion,T-Shirt,Regular,1631.75,1207.99,2,C0461
2025-10-01,East,Fashion,Jacket,Premium,3238.18,2727.9,1,C0347
2025-10-02,East,Sports,Yoga Mat,Premium,4290.85,3161.47,4,C0547
2025-10-02,West,Electronics,Tablet,Regular,23226.9,18716.18,1,C0774
2025-10-02,East,Home & Living,Lamp,Premium,1887.87,1473.63,1,C0807
2025-10-03,North,Sports,Yoga Mat,Premium,3856.34,3095.83,3,C0413
2025-10-04,North,Sports,Football,Regular,6793.59,5032.8,4,C0652
2025-10-04,Central,Home & Living,Sofa,Regular,29052.61,19880.34,1,C0874
2025-10-04,Central,Home & Living,Lamp,Regular,5902.22,4882.22,3,C0055
2025-10-04,West,Electronics,Mobile Phone,Regular,63908.26,51172.52,2,C0153
2025-10-05,East,Electronics,Tablet,Regular,78214.16,55388.86,4,C0037
2025-10-05,East,Home & Living,Lamp,New,7999.35,5981.56,4,C0698
2025-10-05,North,Sports,Cricket Kit,Regular,25319.59,19219.65,4,C0391
2025-10-05,West,Books,Business Book,Regular,3119.18,2641.61,4,C0599
2025-10-06,Central,Home & Living,Lamp,Premium,4905.31,3369.47,3,C0702
2025-10-06,South,Sports,Running Shoes,Premium,11783.77,9449.25,4,C0390
2025-10-06,West,Sports,Dumbbells,Regular,10737.73,7532.8,4,C0749
2025-10-06,West,Electronics,Smart Watch,Regular,20906.57,15692.89,3,C0458
2025-10-06,North,Electronics,Mobile Phone,Regular,77626.13,61195.78,2,C0030
2025-10-07,North,Home & Living,Dining Set,Regular,22298.33,18207.3,1,C0291
2025-10-07,South,Electronics,Headphones,Regular,13190.6,10373.25,3,C0496
2025-10-07,Central,Electronics,Mobile Phone,Regular,67204.81,55907.46,2,C0728
2025-10-07,West,Books,Novel,Regular,999.97,777.09,2,C0629
2025-10-08,Central,Home & Living,Dining Set,Regular,26023.03,22032.45,1,C0752
2025-10-08,North,Electronics,Smart Watch,Regular,31993.84,24071.33,4,C0845
2025-10-08,Central,Books,Business Book,Premium,2626.0,2169.21,4,C0357
2025-10-09,North,Fashion,Backpack,Regular,5185.63,3741.38,3,C0038
2025-10-09,North,Sports,Running Shoes,New,6723.9,5592.93,2,C0634
2025-10-09,North,Books,Self Help,Regular,1048.02,716.81,2,C0385
2025-10-09,West,Books,Business Book,Premium,752.62,601.87,1,C0198
2025-10-09,North,Sports,Cricket Kit,Regular,28043.21,21280.31,4,C0120
2025-10-09,South,Books,Business Book,Regular,1437.84,1161.18,2,C0800
2025-10-09,East,Fashion,Shoes,Premium,7700.72,6065.54,3,C0125
2025-10-10,West,Electronics,Headphones,Regular,17973.27,14755.88,4,C0223
2025-10-10,North,Home & Living,Sofa,Regular,103264.46,79887.47,4,C0494
2025-10-10,South,Sports,Yoga Mat,Regular,1136.67,899.72,1,C0828
2025-10-10,South,Books,Business Book,New,2907.06,2388.93,4,C0822
2025-10-10,West,Sports,Yoga Mat,Regular,1160.31,964.13,1,C0543
2025-10-11,South,Electronics,Laptop,Premium,57579.98,40465.11,1,C0649
2025-10-11,West,Electronics,Headphones,Premium,4015.9,3411.97,1,C0307
2025-10-11,East,Fashion,Jeans,Regular,1999.75,1365.09,1,C0653
2025-10-11,West,Home & Living,Bedsheet,Regular,1497.59,1120.97,1,C0315
2025-10-11,West,Electronics,Mobile Phone,Regular,139982.18,111660.33,4,C0385
2025-10-12,South,Books,Novel,New,879.87,737.03,2,C0260
2025-10-12,North,Fashion,Backpack,Premium,4712.46,3718.39,3,C0098
2025-10-12,North,Home & Living,Lamp,Regular,1870.07,1333.9,1,C0682
2025-10-12,South,Sports,Cricket Kit,Regular,19765.37,14064.99,3,C0232
2025-10-12,Central,Fashion,Backpack,Regular,4800.83,3852.15,3,C0696
2025-10-12,Central,Electronics,Headphones,Regular,14677.21,10289.9,3,C0784
2025-10-12,Central,Home & Living,Cookware,Premium,4680.33,3500.13,1,C0550
2025-10-12,South,Sports,Football,Premium,6853.55,5493.95,4,C0568
2025-10-12,South,Fashion,Backpack,Regular,5681.51,4625.03,4,C0692
2025-10-12,North,Books,Novel,Regular,862.44,659.68,2,C0142
2025-10-13,South,Books,Exam Guide,Premium,713.13,526.26,1,C0690
2025-10-13,West,Books,Programming Book,Regular,2946.07,2173.97,3,C0146
2025-10-13,South,Fashion,Jeans,Premium,3607.93,2759.97,2,C0107
2025-10-13,North,Fashion,T-Shirt,Regular,1991.72,1455.14,2,C0531
2025-10-13,South,Sports,Yoga Mat,Regular,3762.56,3022.54,3,C0463
2025-10-14,East,Electronics,Laptop,New,58545.23,46445.6,1,C0602
2025-10-14,West,Sports,Cricket Kit,Regular,12209.77,8922.42,2,C0519
2025-10-14,East,Electronics,Headphones,Premium,9255.9,6835.45,2,C0800
2025-10-14,South,Fashion,Backpack,Regular,6559.71,4879.99,4,C0685
2025-10-14,West,Electronics,Tablet,Regular,59439.06,41979.27,3,C0345
2025-10-14,Central,Electronics,Laptop,Regular,62086.52,52053.05,1,C0600
2025-10-14,North,Fashion,Jacket,Regular,9743.19,7231.84,3,C0402
2025-10-14,South,Electronics,Tablet,Premium,58792.89,44690.69,3,C0797
2025-10-15,East,Home & Living,Lamp,Regular,6960.02,4892.94,4,C0582
2025-10-15,East,Electronics,Headphones,Regular,8436.07,6521.79,2,C0705
2025-10-15,West,Sports,Football,Regular,2012.66,1549.03,1,C0276
2025-10-15,North,Electronics,Mobile Phone,Regular,38384.72,27395.76,1,C0610
2025-10-15,South,Fashion,Backpack,Regular,6998.63,5835.62,4,C0310
2025-10-16,West,Fashion,T-Shirt,New,3890.94,3127.02,4,C0839
2025-10-17,West,Fashion,Backpack,Regular,1599.75,1337.96,1,C0461
2025-10-17,East,Electronics,Headphones,Regular,4614.24,3649.23,1,C0446
2025-10-17,Central,Sports,Yoga Mat,Regular,2605.64,2001.24,2,C0119
2025-10-17,South,Electronics,Laptop,Premium,198042.72,165986.13,3,C0714
2025-10-17,West,Electronics,Tablet,Regular,64616.3,44223.62,3,C0019
2025-10-17,Central,Electronics,Smart Watch,New,15063.89,10905.78,2,C0345
2025-10-18,Central,Fashion,T-Shirt,Premium,3986.76,3028.65,4,C0289
2025-10-18,South,Sports,Football,Regular,7368.95,5515.38,4,C0165
2025-10-18,West,Books,Exam Guide,Premium,2793.15,2189.44,4,C0843
2025-10-18,East,Fashion,Backpack,Regular,5904.53,4164.91,4,C0744
2025-10-18,West,Fashion,T-Shirt,Regular,2732.05,1922.8,3,C0471
2025-10-18,West,Books,Self Help,Premium,608.99,423.35,1,C0461
2025-10-19,North,Home & Living,Dining Set,New,105975.9,72417.05,4,C0433
2025-10-19,South,Electronics,Mobile Phone,Regular,136020.37,93110.63,4,C0060
2025-10-19,East,Electronics,Laptop,New,61178.72,43701.57,1,C0197
2025-10-20,North,Electronics,Laptop,Premium,190127.42,133102.14,3,C0387
2025-10-20,North,Electronics,Mobile Phone,New,155850.05,117862.65,4,C0836
2025-10-20,North,Sports,Yoga Mat,Regular,2543.03,1988.17,2,C0476
2025-10-20,North,Fashion,Jacket,Regular,3330.21,2414.38,1,C0540
2025-10-20,North,Fashion,T-Shirt,Regular,998.77,755.46,1,C0293
2025-10-20,Central,Sports,Football,Regular,1855.94,1352.63,1,C0554
2025-10-20,North,Fashion,Jacket,New,3009.66,2374.17,1,C0025
2025-10-20,North,Home & Living,Dining Set,Regular,77200.51,55759.81,3,C0579
2025-10-21,West,Books,Programming Book,Premium,2617.97,1787.94,3,C0145
2025-10-21,South,Fashion,T-Shirt,New,1910.96,1567.83,2,C0065
2025-10-21,Central,Fashion,Jeans,Regular,1889.16,1520.01,1,C0033
2025-10-21,West,Electronics,Tablet,New,23460.94,16524.38,1,C0168
2025-10-21,Central,Sports,Running Shoes,Regular,3328.54,2555.7,1,C0643
2025-10-21,South,Electronics,Laptop,Regular,69291.09,48273.56,1,C0127
2025-10-21,North,Books,Programming Book,Regular,961.32,673.47,1,C0615
2025-10-22,North,Books,Novel,Regular,467.51,322.12,1,C0730
2025-10-22,Central,Home & Living,Bedsheet,Regular,4547.54,3144.68,3,C0802
2025-10-23,South,Books,Business Book,Regular,711.96,553.19,1,C0108
2025-10-23,South,Fashion,Jacket,Regular,10050.3,6899.92,3,C0742
2025-10-23,East,Fashion,T-Shirt,Premium,2548.0,2021.17,3,C0034
2025-10-23,East,Electronics,Headphones,Regular,8024.93,6791.21,2,C0828
2025-10-23,Central,Home & Living,Cookware,Regular,4463.02,3040.43,1,C0085
2025-10-24,North,Electronics,Mobile Phone,Premium,65707.63,47446.18,2,C0839
2025-10-24,North,Electronics,Laptop,Regular,59397.9,49216.71,1,C0114
2025-10-25,North,Home & Living,Cookware,Regular,13278.52,11175.48,3,C0096
2025-10-25,South,Fashion,Shoes,Regular,10306.0,8599.84,4,C0710
2025-10-26,South,Home & Living,Sofa,Premium,77724.93,55982.01,3,C0032
2025-10-26,North,Sports,Running Shoes,Premium,9764.41,7908.38,3,C0623
2025-10-26,West,Fashion,T-Shirt,New,1004.99,825.59,1,C0199
2025-10-27,Central,Books,Business Book,Regular,2598.54,1965.97,4,C0666
2025-10-27,West,Electronics,Laptop,Regular,289065.26,239440.13,4,C0171
2025-10-27,North,Electronics,Headphones,Regular,18332.04,15557.62,4,C0210
2025-10-27,Central,Fashion,T-Shirt,Premium,2666.71,2146.88,3,C0246
2025-10-27,West,Electronics,Tablet,Regular,64192.04,51639.0,3,C0297
2025-10-28,North,Sports,Football,Regular,1614.38,1140.68,1,C0235
2025-10-28,North,Sports,Running Shoes,Regular,14203.57,11302.08,4,C0463
2025-10-28,Central,Electronics,Tablet,Regular,22714.79,16928.67,1,C0277
2025-10-29,West,Sports,Dumbbells,Regular,10427.66,8155.81,4,C0627
2025-10-29,South,Sports,Running Shoes,Regular,13221.82,9296.61,4,C0164
2025-10-29,South,Home & Living,Dining Set,Regular,96465.3,69984.88,4,C0825
2025-10-29,North,Electronics,Laptop,Regular,136539.53,110886.57,2,C0251
2025-10-29,West,Home & Living,Dining Set,Regular,80037.22,62958.17,3,C0001
2025-10-29,North,Fashion,T-Shirt,Regular,1841.97,1287.95,2,C0201
2025-10-30,South,Electronics,Smart Watch,Regular,8385.42,6172.79,1,C0623
2025-10-30,West,Fashion,T-Shirt,Regular,2756.58,2321.75,3,C0156
2025-10-30,North,Electronics,Headphones,Premium,8669.56,6038.53,2,C0107
2025-10-30,Central,Sports,Running Shoes,Regular,13510.24,10046.01,4,C0016
2025-10-31,Central,Home & Living,Bedsheet,Regular,5745.3,3909.06,4,C0383
2025-10-31,South,Fashion,Shoes,Regular,9922.33,8210.09,4,C0340
2025-10-31,Central,Fashion,T-Shirt,Regular,2784.41,1994.32,3,C0784
2025-10-31,South,Electronics,Headphones,Regular,4163.81,3216.24,1,C0475
2025-10-31,East,Home & Living,Lamp,New,1599.58,1308.73,1,C0486
2025-11-01,West,Fashion,Jeans,Regular,6927.41,5731.73,4,C0010
2025-11-01,East,Sports,Running Shoes,Regular,13277.73,9765.51,4,C0438
2025-11-01,North,Fashion,T-Shirt,Premium,1764.95,1411.8,2,C0781
2025-11-02,East,Home & Living,Dining Set,Regular,46311.72,36834.27,2,C0820
2025-11-02,North,Sports,Cricket Kit,New,29093.6,22687.18,4,C0611
2025-11-02,North,Sports,Cricket Kit,Regular,25611.77,20720.94,4,C0262
2025-11-02,East,Electronics,Laptop,Premium,239687.62,201170.65,4,C0022
2025-11-02,Central,Electronics,Headphones,Regular,8437.8,6396.68,2,C0074
2025-11-03,South,Sports,Dumbbells,Regular,8158.8,6702.41,3,C0424
2025-11-03,East,Home & Living,Bedsheet,Regular,1317.35,1024.35,1,C0772
2025-11-03,North,Home & Living,Bedsheet,Premium,5918.08,4796.45,4,C0213
2025-11-03,East,Electronics,Mobile Phone,Regular,37316.71,29973.61,1,C0428
2025-11-03,North,Home & Living,Sofa,Regular,101132.75,71058.02,4,C0807
2025-11-03,East,Sports,Football,Regular,3506.65,2895.77,2,C0551
2025-11-04,East,Sports,Yoga Mat,Regular,4236.19,3270.13,4,C0581
2025-11-04,West,Electronics,Laptop,New,217808.99,180957.91,3,C0617
2025-11-04,North,Electronics,Smart Watch,Regular,7953.58,5639.74,1,C0622
2025-11-04,North,Home & Living,Bedsheet,New,2472.69,2001.3,2,C0693
2025-11-04,East,Fashion,Jacket,Regular,9481.91,6575.23,3,C0532
2025-11-04,North,Fashion,Jeans,Regular,6011.31,4890.73,3,C0860
2025-11-05,North,Home & Living,Sofa,New,53652.96,37268.08,2,C0200
2025-11-05,North,Electronics,Tablet,Premium,44771.36,35355.28,2,C0791
2025-11-05,North,Sports,Football,Regular,4819.64,3457.67,3,C0062
2025-11-05,Central,Fashion,Shoes,Regular,4970.72,3537.54,2,C0863
2025-11-05,North,Fashion,Jacket,Regular,14029.57,11601.6,4,C0219
2025-11-05,Central,Fashion,Backpack,Regular,1437.2,992.11,1,C0124
2025-11-06,North,Electronics,Mobile Phone,Regular,67444.4,49265.34,2,C0881
2025-11-06,North,Fashion,Jacket,Regular,6946.87,5591.45,2,C0753
2025-11-06,East,Books,Exam Guide,Regular,594.32,456.21,1,C0791
2025-11-07,South,Sports,Running Shoes,Regular,13782.33,10335.77,4,C0470
2025-11-07,North,Home & Living,Cookware,Premium,17567.24,13744.27,4,C0328
2025-11-07,West,Electronics,Headphones,Premium,13709.46,9656.66,3,C0854
2025-11-07,Central,Sports,Dumbbells,Premium,7587.96,6384.3,3,C0543
2025-11-07,West,Electronics,Laptop,Regular,172900.3,128880.76,3,C0692
2025-11-07,North,Books,Novel,Regular,1642.03,1363.48,4,C0475
2025-11-07,North,Books,Exam Guide,Premium,1165.8,878.87,2,C0382
2025-11-07,North,Sports,Yoga Mat,Premium,1188.95,943.45,1,C0135
2025-11-07,East,Books,Programming Book,Regular,3427.94,2869.52,4,C0499
2025-11-07,Central,Home & Living,Lamp,Premium,6463.15,5005.82,4,C0157
2025-11-08,North,Sports,Football,Premium,1739.3,1224.07,1,C0284
2025-11-08,North,Electronics,Headphones,Regular,18653.99,14155.07,4,C0647
2025-11-08,South,Electronics,Tablet,Premium,45737.25,33438.84,2,C0275
2025-11-08,West,Books,Programming Book,New,898.32,700.36,1,C0454
2025-11-08,Central,Electronics,Tablet,Regular,68293.66,58036.93,3,C0014
2025-11-08,East,Sports,Dumbbells,New,10865.6,7462.45,4,C0193
2025-11-08,North,Fashion,Jacket,Premium,13400.2,10167.25,4,C0685
2025-11-08,North,Sports,Dumbbells,Premium,2623.31,2198.66,1,C0374
2025-11-09,North,Electronics,Tablet,Premium,38809.56,28066.72,2,C0372
2025-11-09,East,Electronics,Laptop,Regular,242037.16,166314.55,4,C0471
2025-11-09,North,Fashion,Shoes,Regular,5881.49,4806.26,2,C0535
2025-11-09,East,Home & Living,Bedsheet,Regular,1331.16,1123.15,1,C0802
2025-11-09,North,Books,Exam Guide,Regular,1281.37,930.0,2,C0123
2025-11-09,West,Fashion,Jeans,Premium,3960.82,2930.45,2,C0154
2025-11-10,South,Fashion,Backpack,Regular,6609.37,5130.41,4,C0715
2025-11-10,West,Home & Living,Bedsheet,Regular,1449.77,1142.45,1,C0844
2025-11-10,West,Sports,Running Shoes,Premium,6624.25,5596.14,2,C0162
2025-11-10,North,Electronics,Tablet,Premium,22263.14,17400.96,1,C0452
2025-11-10,West,Home & Living,Bedsheet,Regular,5066.96,3504.36,4,C0718
2025-11-11,North,Electronics,Smart Watch,Regular,27732.98,22972.25,4,C0640
2025-11-11,Central,Sports,Running Shoes,Regular,5723.3,4691.58,2,C0056
2025-11-11,North,Electronics,Headphones,Regular,18522.18,15163.63,4,C0879
2025-11-11,West,Books,Novel,New,822.93,653.54,2,C0271
2025-11-12,North,Electronics,Mobile Phone,Premium,147182.21,104820.25,4,C0757
2025-11-12,South,Fashion,Jeans,Regular,2014.83,1388.0,1,C0103
2025-11-12,North,Electronics,Mobile Phone,Regular,150324.96,107264.41,4,C0682
2025-11-12,East,Home & Living,Bedsheet,Regular,5873.11,4956.74,4,C0731
2025-11-12,North,Home & Living,Cookware,Regular,13958.58,9581.73,3,C0591
2025-11-13,East,Books,Business Book,Regular,761.52,592.43,1,C0287
2025-11-13,North,Books,Programming Book,Regular,3660.47,2711.71,4,C0397
2025-11-13,South,Sports,Football,Regular,1654.64,1368.14,1,C0106
2025-11-13,South,Books,Self Help,Premium,2021.37,1617.01,4,C0721
2025-11-14,East,Sports,Yoga Mat,Premium,1209.73,960.82,1,C0360
2025-11-15,North,Electronics,Smart Watch,Premium,15828.59,12441.8,2,C0476
2025-11-16,Central,Electronics,Smart Watch,Regular,28791.4,20245.18,4,C0607
2025-11-16,South,Home & Living,Dining Set,Regular,22304.02,16132.82,1,C0547
2025-11-16,South,Electronics,Mobile Phone,Regular,36249.15,30639.32,1,C0087
2025-11-16,North,Home & Living,Bedsheet,New,2562.2,1791.1,2,C0422
2025-11-17,Central,Books,Novel,Premium,946.03,740.06,2,C0006
2025-11-17,West,Sports,Football,Premium,7536.83,5484.17,4,C0522
2025-11-17,West,Fashion,Jacket,Regular,6739.04,5151.02,2,C0163
2025-11-18,East,Electronics,Headphones,Regular,14753.61,11186.39,3,C0643
2025-11-18,North,Books,Novel,Premium,1480.62,1217.32,3,C0018
2025-11-18,South,Books,Business Book,New,2101.88,1562.23,3,C0788
2025-11-19,East,Books,Self Help,Premium,1041.86,757.05,2,C0376
2025-11-20,South,Sports,Cricket Kit,Regular,6063.11,4173.62,1,C0448
2025-11-20,West,Books,Novel,Regular,1424.95,1067.53,3,C0279
2025-11-20,South,Sports,Dumbbells,Regular,2741.56,2326.27,1,C0116
2025-11-20,North,Fashion,Backpack,Regular,1456.65,1135.29,1,C0515
2025-11-21,West,Sports,Dumbbells,Regular,4868.13,3636.52,2,C0599
2025-11-21,South,Electronics,Laptop,New,138206.63,102560.28,2,C0464
2025-11-22,East,Fashion,Backpack,Premium,6540.51,5340.44,4,C0236
2025-11-22,North,Books,Self Help,New,2334.23,1738.87,4,C0340
2025-11-22,North,Fashion,Jacket,Premium,12010.82,9216.5,4,C0428
2025-11-22,North,Sports,Yoga Mat,Premium,4347.89,3458.03,4,C0234
2025-11-22,East,Books,Exam Guide,New,2828.28,2263.09,4,C0693
2025-11-23,East,Sports,Dumbbells,Regular,4802.67,3917.71,2,C0264
2025-11-23,North,Fashion,T-Shirt,Regular,2750.74,2132.38,3,C0371
2025-11-23,Central,Sports,Dumbbells,Premium,2683.97,2008.19,1,C0326
2025-11-24,South,Books,Exam Guide,Regular,2590.82,2083.29,4,C0187
2025-11-24,North,Electronics,Mobile Phone,Premium,93638.97,79563.28,3,C0212
2025-11-24,West,Sports,Football,Premium,1893.59,1466.69,1,C0192
2025-11-24,West,Books,Business Book,Premium,2046.37,1514.62,3,C0820
2025-11-24,North,Electronics,Laptop,Premium,62829.88,45613.24,1,C0627
2025-11-24,South,Fashion,Jacket,Regular,5768.11,4292.14,2,C0711
2025-11-24,East,Fashion,Jeans,Regular,3769.79,3161.39,2,C0205
2025-11-25,East,Electronics,Smart Watch,Premium,15780.73,12271.31,2,C0215
2025-11-26,North,Fashion,Backpack,Regular,4309.27,2999.47,3,C0380
2025-11-26,West,Sports,Football,Regular,3897.95,2981.56,2,C0100
2025-11-26,South,Books,Novel,Regular,1452.45,1210.75,3,C0698
2025-11-26,North,Sports,Running Shoes,Regular,11296.28,8845.16,4,C0073
2025-11-26,Central,Electronics,Tablet,Regular,60569.04,42985.68,3,C0785
2025-11-26,North,Fashion,Shoes,New,2578.51,1786.09,1,C0702
2025-11-27,West,Sports,Cricket Kit,Regular,17582.75,13987.7,3,C0167
2025-11-27,South,Fashion,Jeans,Regular,6422.13,4857.48,4,C0558
2025-11-28,South,Fashion,Jacket,Regular,6702.55,4623.86,2,C0066
2025-11-28,South,Books,Exam Guide,Premium,2846.34,2012.8,4,C0881
2025-11-28,South,Sports,Cricket Kit,Premium,24415.4,19695.63,4,C0327
2025-11-28,North,Sports,Yoga Mat,Premium,3848.57,2834.67,3,C0675
2025-11-28,Central,Home & Living,Bedsheet,Regular,5581.82,4555.13,4,C0403
2025-11-28,Central,Sports,Cricket Kit,Premium,18186.35,13487.76,3,C0039
2025-11-28,South,Fashion,Jeans,Regular,1799.16,1356.45,1,C0466
2025-11-29,West,Fashion,Jacket,Regular,12171.45,8613.63,4,C0317
2025-11-30,North,Electronics,Tablet,Premium,44804.65,35925.51,2,C0803
2025-11-30,East,Sports,Running Shoes,Premium,12824.24,10620.18,4,C0661
2025-12-01,North,Fashion,Jeans,Regular,3469.31,2850.5,2,C0463
2025-12-01,West,Sports,Running Shoes,Regular,3077.23,2244.12,1,C0074
2025-12-01,North,Books,Self Help,Premium,1218.36,979.92,2,C0155
2025-12-01,North,Home & Living,Lamp,Regular,6905.64,4751.07,4,C0439
2025-12-01,East,Fashion,Shoes,Premium,5644.61,4685.6,2,C0635
2025-12-01,North,Fashion,Backpack,Regular,5710.92,4271.74,4,C0380
2025-12-02,Central,Fashion,Jacket,Regular,5902.17,4113.33,2,C0643
2025-12-02,South,Fashion,Backpack,Regular,2998.39,2307.79,2,C0092
2025-12-02,North,Electronics,Mobile Phone,Regular,109874.74,89612.67,3,C0334
2025-12-02,West,Sports,Running Shoes,Regular,6486.3,4864.14,2,C0478
2025-12-02,South,Books,Novel,Regular,1967.87,1551.18,4,C0739
2025-12-02,West,Home & Living,Cookware,New,12273.51,10378.28,3,C0223
2025-12-02,West,Electronics,Headphones,Regular,14188.63,11531.68,3,C0882
2025-12-02,Central,Electronics,Tablet,Regular,45897.01,33819.74,2,C0016
2025-12-03,East,Sports,Yoga Mat,Premium,3918.38,3083.75,3,C0360
2025-12-03,East,Electronics,Mobile Phone,Regular,38883.36,32588.12,1,C0507
2025-12-03,North,Sports,Yoga Mat,Regular,2458.27,2025.99,2,C0200
2025-12-03,West,Books,Business Book,Regular,2607.76,1824.7,4,C0266
2025-12-04,East,Electronics,Smart Watch,Regular,32071.84,22320.18,4,C0059
2025-12-04,East,Home & Living,Lamp,Regular,4030.92,3288.9,2,C0626
2025-12-04,North,Books,Business Book,Regular,697.32,515.02,1,C0337
2025-12-04,North,Electronics,Laptop,Premium,260912.68,178967.09,4,C0062
2025-12-04,Central,Home & Living,Bedsheet,Premium,2464.38,1703.38,2,C0091
2025-12-04,North,Fashion,Backpack,Regular,6158.66,5001.96,4,C0610
2025-12-04,South,Sports,Football,Premium,7235.48,6005.16,4,C0194
2025-12-05,South,Sports,Cricket Kit,Regular,5738.62,4325.31,1,C0544
2025-12-05,West,Home & Living,Cookware,Regular,4353.51,3618.05,1,C0008
2025-12-05,East,Sports,Cricket Kit,Regular,13809.69,11191.14,2,C0679
2025-12-05,North,Fashion,Shoes,Regular,6242.04,4966.29,2,C0530
2025-12-05,East,Electronics,Laptop,Premium,274839.0,227276.33,4,C0021
2025-12-05,South,Electronics,Tablet,Regular,22967.72,15816.27,1,C0856
2025-12-06,South,Fashion,Backpack,Regular,6935.43,5863.58,4,C0782
2025-12-06,South,Books,Programming Book,Regular,3847.42,2830.88,4,C0226
2025-12-06,East,Sports,Dumbbells,Regular,5461.78,4546.74,2,C0098
2025-12-06,East,Fashion,Jeans,Regular,1855.09,1452.49,1,C0166
2025-12-07,North,Fashion,Backpack,Regular,1527.53,1190.24,1,C0353
2025-12-07,West,Home & Living,Lamp,Regular,3648.05,2866.18,2,C0741
2025-12-07,South,Electronics,Laptop,Regular,283243.06,216117.46,4,C0568
2025-12-07,South,Electronics,Headphones,Regular,4397.66,3714.3,1,C0169
2025-12-08,North,Electronics,Laptop,Regular,244121.25,194113.31,4,C0742
2025-12-08,Central,Sports,Cricket Kit,Regular,13391.12,9765.79,2,C0555
2025-12-08,West,Electronics,Mobile Phone,Regular,103778.23,87247.57,3,C0358
2025-12-08,South,Home & Living,Sofa,Regular,78667.87,66100.06,3,C0075
2025-12-08,South,Electronics,Smart Watch,Regular,13571.12,11400.39,2,C0790
2025-12-08,North,Electronics,Laptop,Regular,117514.63,82967.86,2,C0057
2025-12-08,South,Electronics,Tablet,New,46316.22,31901.26,2,C0338
2025-12-09,West,Sports,Running Shoes,Regular,11549.93,8265.48,4,C0143
2025-12-09,Central,Electronics,Headphones,New,9070.18,7160.26,2,C0872
2025-12-09,North,Electronics,Mobile Phone,Regular,107988.76,85132.62,3,C0129
2025-12-09,North,Sports,Dumbbells,New,6685.26,4904.22,3,C0761
2025-12-10,South,Home & Living,Bedsheet,Regular,4423.68,3219.68,3,C0049
2025-12-10,West,Fashion,Shoes,New,2860.32,2227.33,1,C0047
2025-12-10,West,Sports,Cricket Kit,Regular,12434.87,9785.92,2,C0002
2025-12-12,South,Sports,Dumbbells,New,2702.82,1917.7,1,C0554
2025-12-12,West,Books,Exam Guide,Regular,1992.3,1642.76,3,C0444
2025-12-12,North,Sports,Cricket Kit,New,6975.33,5506.68,1,C0268
2025-12-12,North,Home & Living,Lamp,Regular,5271.6,4337.04,3,C0168
2025-12-13,North,Fashion,Backpack,Regular,3498.37,2942.56,2,C0502
2025-12-13,Central,Home & Living,Dining Set,Regular,44285.34,35179.16,2,C0504
2025-12-13,North,Fashion,Backpack,Regular,3163.63,2483.97,2,C0784
2025-12-13,South,Sports,Football,Regular,7723.41,5335.82,4,C0085
2025-12-13,Central,Electronics,Smart Watch,Regular,6703.21,4910.18,1,C0697
2025-12-14,Central,Sports,Running Shoes,New,6966.33,5204.76,2,C0594
2025-12-14,Central,Electronics,Smart Watch,Premium,23419.97,19773.88,3,C0426
2025-12-14,North,Electronics,Laptop,Regular,197577.88,137727.57,3,C0123
2025-12-14,East,Home & Living,Lamp,Premium,6587.98,5299.54,4,C0834
2025-12-14,North,Fashion,Shoes,Regular,7836.9,5965.28,3,C0117
2025-12-15,East,Fashion,T-Shirt,Regular,2635.9,2234.03,3,C0597
2025-12-15,South,Books,Programming Book,Regular,3281.63,2364.15,4,C0262
2025-12-15,North,Electronics,Laptop,Regular,125771.62,98674.12,2,C0516
2025-12-16,South,Sports,Running Shoes,Premium,13249.89,10376.41,4,C0238
2025-12-16,West,Electronics,Smart Watch,Regular,13769.88,9753.59,2,C0498
2025-12-16,North,Sports,Running Shoes,Regular,6612.6,4824.28,2,C0705
2025-12-16,Central,Fashion,Jacket,Regular,3335.84,2574.11,1,C0616
2025-12-17,East,Sports,Running Shoes,Regular,3583.28,2845.12,1,C0825
2025-12-17,East,Sports,Yoga Mat,New,4672.07,3774.49,4,C0069
2025-12-17,Central,Fashion,T-Shirt,Premium,1768.98,1246.38,2,C0208
2025-12-17,North,Fashion,Jacket,Regular,3001.61,2133.06,1,C0155
2025-12-17,North,Fashion,Jacket,Regular,12221.92,9026.03,4,C0512
2025-12-17,East,Fashion,Jacket,New,6686.79,5087.46,2,C0527
2025-12-17,East,Books,Self Help,Regular,1033.31,840.55,2,C0394
2025-12-17,North,Electronics,Mobile Phone,Regular,115563.49,85355.28,3,C0068
2025-12-17,North,Fashion,Jacket,Regular,11791.53,9474.18,4,C0121
2025-12-18,North,Books,Self Help,Premium,1706.34,1227.22,3,C0688
2025-12-18,West,Electronics,Mobile Phone,Premium,98570.74,74526.1,3,C0294
2025-12-18,East,Sports,Yoga Mat,Premium,3706.94,2948.3,3,C0366
2025-12-18,East,Sports,Running Shoes,Premium,8582.02,6641.18,3,C0846
2025-12-18,South,Sports,Yoga Mat,Regular,5252.49,3844.65,4,C0099
2025-12-18,East,Electronics,Smart Watch,Premium,28695.89,21069.3,4,C0663
2025-12-18,North,Electronics,Headphones,Premium,12408.28,8629.85,3,C0551
2025-12-18,South,Electronics,Mobile Phone,Regular,104898.98,80113.89,3,C0836
2025-12-18,South,Sports,Football,Premium,1622.4,1372.82,1,C0456
2025-12-19,West,Electronics,Smart Watch,Regular,31544.06,24394.65,4,C0884
2025-12-19,Central,Electronics,Smart Watch,Regular,15726.94,10841.16,2,C0647
2025-12-20,East,Home & Living,Dining Set,Premium,49105.47,41552.61,2,C0559
2025-12-20,North,Electronics,Tablet,Regular,85063.83,62957.97,4,C0040
2025-12-20,South,Electronics,Mobile Phone,Premium,141606.36,106508.79,4,C0550
2025-12-20,North,Home & Living,Dining Set,Regular,51365.65,36693.19,2,C0208
2025-12-20,North,Home & Living,Dining Set,New,22164.65,18330.04,1,C0243
2025-12-20,East,Books,Novel,Regular,1787.05,1311.47,4,C0352
2025-12-20,South,Home & Living,Cookware,New,3826.24,2893.59,1,C0598
2025-12-20,South,Fashion,Jacket,Regular,10709.13,8567.92,3,C0699
2025-12-21,West,Home & Living,Bedsheet,Regular,1350.37,1016.07,1,C0679
2025-12-21,South,Home & Living,Lamp,Regular,5692.89,3985.16,3,C0608
2025-12-21,Central,Home & Living,Dining Set,Regular,73674.32,50258.89,3,C0379
2025-12-21,Central,Sports,Football,Regular,6468.18,5232.75,4,C0108
2025-12-22,West,Sports,Football,Regular,5134.85,4337.63,3,C0812
2025-12-22,South,Electronics,Headphones,Regular,4888.7,3998.05,1,C0203
2025-12-22,West,Sports,Running Shoes,Regular,3326.57,2682.97,1,C0449
2025-12-23,North,Books,Programming Book,Premium,3018.96,2162.17,3,C0180
2025-12-23,Central,Books,Programming Book,Regular,1665.17,1379.35,2,C0461
2025-12-23,South,Sports,Running Shoes,Regular,3357.78,2401.88,1,C0217
2025-12-24,North,Books,Business Book,New,1517.51,1188.44,2,C0179
2025-12-24,West,Fashion,Jeans,Premium,1609.07,1096.84,1,C0631
2025-12-24,Central,Home & Living,Sofa,Premium,30006.05,21792.84,1,C0563
2025-12-24,West,Electronics,Laptop,Regular,141638.78,106329.43,2,C0597
2025-12-24,North,Home & Living,Lamp,Regular,3350.46,2612.98,2,C0420
2025-12-25,South,Books,Business Book,Premium,2575.11,1857.56,4,C0485
2025-12-25,North,Home & Living,Cookware,Premium,15341.73,11614.32,4,C0707
2025-12-26,Central,Sports,Running Shoes,Premium,13992.58,11449.37,4,C0164
2025-12-26,East,Electronics,Tablet,Premium,24573.46,20557.14,1,C0059
2025-12-26,North,Sports,Yoga Mat,Regular,2383.46,2017.0,2,C0861
2025-12-26,South,Sports,Football,Regular,4961.86,4020.21,3,C0258
2025-12-26,Central,Home & Living,Dining Set,Regular,22287.52,16715.55,1,C0513
2025-12-26,Central,Home & Living,Bedsheet,New,5850.07,4550.4,4,C0001
2025-12-26,West,Electronics,Headphones,Regular,12867.6,9031.03,3,C0265
2025-12-27,East,Sports,Dumbbells,Regular,7778.01,6412.93,3,C0776
2025-12-28,North,Sports,Football,Regular,5754.79,3996.48,3,C0406
2025-12-28,West,Electronics,Mobile Phone,New,65605.74,49832.07,2,C0350
2025-12-28,South,Fashion,T-Shirt,New,1668.27,1147.82,2,C0737
2025-12-28,East,Sports,Running Shoes,Regular,8730.57,6540.55,3,C0589
2025-12-29,North,Sports,Dumbbells,Regular,10994.62,7626.74,4,C0376
2025-12-29,South,Home & Living,Cookware,Regular,17952.86,14301.37,4,C0011
2025-12-30,East,Home & Living,Dining Set,Premium,24370.16,16908.34,1,C0161
2025-12-30,South,Electronics,Headphones,Premium,17422.87,13068.14,4,C0491
2025-12-30,North,Books,Business Book,Regular,1365.28,1036.2,2,C0880
2025-12-30,Central,Sports,Yoga Mat,Premium,4333.5,3535.77,4,C0821
2025-12-30,Central,Electronics,Smart Watch,Regular,23440.37,18360.12,3,C0755
2025-12-30,South,Sports,Yoga Mat,Regular,4485.3,3480.95,4,C0772
2025-12-30,South,Home & Living,Cookware,Regular,17677.77,13219.82,4,C0344
2025-12-30,East,Home & Living,Sofa,Regular,78834.38,60588.88,3,C0161
2025-12-31,South,Sports,Yoga Mat,Premium,4430.96,3514.48,4,C0329
2025-12-31,East,Books,Business Book,Regular,2605.35,2112.38,4,C0385
2025-12-31,North,Fashion,T-Shirt,Regular,3793.94,2821.37,4,C0835
2025-12-31,Central,Sports,Running Shoes,Premium,7046.4,5385.34,2,C0778
2025-12-31,East,Books,Exam Guide,Regular,1792.06,1219.17,3,C0198
